index,Date,Likes,Retweets,Compound,Negative,Neutral,Positive,S&P500 Open,S&P500 Close,DJ Open,DJ Close,NAS Open,NAS Close,Bank_Open,Bank_Close,Biotech_Open,Biotech_Close,Healthcare_Open,Healthcare_Close,Housing_Open,Housing_Close,Industrial_Open,Industrial_Close,Insurance_Open,Insurance_Close,Oil-Gas_Open,Oil-Gas_Close,Semiconductor_Open,Semiconductor_Close,Telecom_Open,Telecom_Close,Utility_Open,Utility_Close,S&P500 Same-Day Change,S&P500 1-Day Change,S&P500 2-Day Change,DJ Same-Day Change,DJ 1-Day Change,DJ 2-Day Change,NAS Same-Day Change,NAS 1-Day Change,NAS 2-Day Change,Banking Same-Day Change,Banking 1-Day Change,Biotech Same-Day Change,Biotech 1-Day Change,Healthcare Same-Day Change,Healthcare 1-Day Change,Housing Same-Day Change,Housing 1-Day Change,Industrial Same-Day Change,Industrial 1-Day Change,Insurance Same-Day Change,Insurance 1-Day Change,Oil Same-Day Change,Oil 1-Day Change,Semiconductor Same-Day Change,Semiconductor 1-Day Change,Telecom Same-Day Change,Telecom 1-Day Change,Utility Same-Day Change,Utility 1-Day Change
2,2017-06-02,0,9140,0.2732,0.0,0.896,0.104,2431.28,2439.0701,21142.0898,21206.2891,6261.5898,6305.7998,3578.110107,3596.429932,3059.26001,3096.800049,690.530029,698.27002,275.73999,278.109985,5173.419922,5197.689941,8462.679688,8514.209961,138.949997,138.350006,1100.140015,1103.400024,309.709991,310.480011,685.409973,683.77002,0.32,-0.12,-0.4,0.3,-0.1,-0.33,0.71,-0.16,-0.49,0.51,-0.37,1.23,-0.65,1.12,-0.48,0.86,-0.8,0.47,-0.24,0.61,-0.83,-0.43,0.44,0.3,0.26,0.25,-0.51,-0.24,-0.49
4,2017-06-05,215976,49100,0.07000000000000002,0.13799999999999998,0.6896666666666667,0.17200000000000001,2437.8301,2436.1001,21195.0293,21184.0391,6305.4702,6295.6802,3597.5200200000004,3583.23999,3106.800049,3076.580078,700.23999,694.929993,278.0,275.880005,5198.330078,5185.100098,8505.030273,8443.669922,137.440002,138.96000700000002,1102.47998,1106.219971,310.320007,308.910004,682.830017,680.4400019999998,-0.07,-0.28,-0.12,-0.05,-0.23,-0.05,-0.16,-0.33,0.03,-0.4,-0.67,-0.97,-0.43,-0.76,-0.52,-0.76,-0.21,-0.25,-0.59,-0.72,-1.23,1.11,0.85,0.34,0.35,-0.45,-0.52,-0.35,-0.15
6,2017-06-09,87610,20591,0.8588,0.0,0.656,0.344,2436.3899,2431.77,21208.9609,21271.9707,6330.25,6207.9199,3708.949951,3804.179932,3085.810059,3076.149902,696.200012,694.6099849999998,276.02999900000003,276.829987,5168.75,5090.450195,8382.129883,8429.830078,133.529999,138.190002,1145.180054,1090.050049,307.160004,302.940002,674.450012,676.0599980000002,-0.19,-0.1,0.35,0.3,-0.17,0.27,-1.93,-0.52,0.2,2.57,-0.3,-0.31,-0.27,-0.23,-0.18,0.29,0.27,-1.51,-0.37,0.57,0.38,3.49,0.55,-4.81,-0.51,-1.37,-0.01,0.24,-0.24
9,2017-06-12,84572,18009,-0.1511,0.157,0.705,0.138,2425.8799,2429.3899,21259.9492,21235.6699,6153.5601,6175.46,3809.409912,3792.790039,3072.030029,3067.77002,693.849976,693.369995,276.420013,277.589996,5067.22998,5071.47998,8435.830078,8462.169922,140.100006,138.949997,1074.939941,1084.439941,302.929993,302.920013,676.599976,674.409973,0.14,0.45,0.35,-0.11,0.44,0.65,0.36,0.73,0.31,-0.44,0.24,-0.14,0.47,-0.07,0.45,0.42,1.47,0.08,0.77,0.31,0.37,-0.82,1.86,0.88,0.64,-0.0,0.79,-0.32,0.15
10,2017-06-13,191833,40279,0.04026666666666667,0.07266666666666667,0.8196666666666667,0.10766666666666667,2434.1499,2440.3501,21256.8301,21328.4707,6206.1201,6220.3701,3809.5,3801.790039,3066.659912,3082.189941,693.570007,696.5,278.059998,281.679993,5087.6098630000015,5110.669922,8465.519531,8493.709961,139.110001,141.529999,1095.849976,1091.349976,303.649994,305.299988,673.630005,675.400024,0.25,-0.1,-0.32,0.34,0.22,0.15,0.23,-0.41,-0.88,-0.2,-0.11,0.51,0.53,0.42,0.39,1.3,0.17,0.45,-0.45,0.33,0.23,1.74,-3.89,-0.41,-1.06,0.54,-0.55,0.26,0.64
12,2017-06-16,106893,23341,0.8556,0.0,0.691,0.309,2431.24,2433.1499,21335.9297,21384.2793,6154.2798,6151.7598,3762.449951,3763.169922,3069.320068,3061.199951,694.01001,693.799988,280.119995,280.630005,5061.5,5057.720215,8533.459961,8580.879883,133.589996,136.190002,1072.359985,1067.22998,303.309998,303.519989,683.650024,686.549988,0.08,0.83,0.16,0.23,0.68,0.39,-0.04,1.42,0.59,0.02,-0.02,-0.26,2.5,-0.03,2.22,0.18,0.99,-0.07,0.93,0.56,-0.36,1.95,-0.64,-0.48,1.94,0.07,1.0,0.42,-0.4
15,2017-06-19,172095,44005,-0.22929999999999998,0.18966666666666665,0.6853333333333333,0.12533333333333332,2442.55,2453.46,21444.75,21528.9902,6196.8501,6239.0098,3780.659912,3762.429932,3074.600098,3137.679932,696.9400019999998,709.1900019999998,281.799988,283.420013,5091.72998,5104.649902,8592.120117,8549.94043,136.240005,135.320007,1079.939941,1087.920044,304.769989,306.549988,686.8900150000002,683.820007,0.45,-0.67,-0.73,0.39,-0.29,-0.55,0.68,-0.82,-0.08,-0.48,-1.35,2.05,1.27,1.76,0.77,0.57,0.13,0.25,-1.19,-0.49,-0.56,-0.68,-2.31,0.74,-1.2,0.58,-0.62,-0.45,0.09
16,2017-06-20,300011,74739,-0.027900000000000036,0.157,0.70075,0.142,2450.6599,2437.03,21521.25,21467.1406,6229.6201,6188.0298,3748.550049,3711.76001,3136.889893,3177.550049,708.9400019999998,714.630005,283.559998,283.790009,5086.910156,5044.100098,8541.629883,8501.959961,132.889999,132.190002,1089.420044,1074.880005,306.269989,304.640015,684.179993,684.429993,-0.56,-0.06,-0.1,-0.25,-0.27,-0.33,-0.67,0.74,0.79,-0.98,-1.43,1.3,4.05,0.8,3.11,0.08,-0.27,-0.84,0.27,-0.46,-0.66,-0.53,-3.41,-1.33,1.17,-0.53,-0.28,0.04,-0.66
17,2017-06-21,111236,26668,0.7088,0.0,0.743,0.257,2439.3101,2435.6101,21466.3906,21410.0293,6202.75,6233.9502,3715.659912,3658.850098,3186.919922,3306.26001,716.380005,736.869995,284.059998,283.01001,5050.549805,5057.850098,8510.849609,8445.910156,132.229996,127.68,1080.51001,1087.420044,304.359985,303.799988,684.130005,679.909973,-0.15,-0.05,0.11,-0.26,-0.06,-0.07,0.5,0.04,0.5,-1.53,-0.49,3.74,1.3,2.86,1.23,-0.37,-0.34,0.14,-0.13,-0.76,-0.8,-3.44,-0.4,0.64,-0.23,-0.18,0.18,-0.62,-0.44
19,2017-06-23,51846,9629,0.8176,0.0,0.667,0.333,2434.6499,2438.3,21380.9199,21394.7598,6234.3501,6265.25,3654.550049,3631.090088,3343.98999,3354.129883,745.47998,747.6099849999998,282.359985,283.730011,5051.209961,5068.689941,8397.320313,8393.530273,127.489998,127.940002,1084.829956,1088.47998,303.920013,305.910004,676.539978,674.52002,0.15,0.03,-0.78,0.06,0.07,-0.39,0.5,-0.29,-1.89,-0.64,0.55,0.3,-0.3,0.29,-0.15,0.49,0.09,0.35,0.06,-0.05,0.18,0.35,0.25,0.34,-0.97,0.65,0.17,-0.3,0.77
21,2017-06-29,126290,29071,0.63655,0.0,0.7775,0.22249999999999998,2442.3799,2419.7,21487.3809,21287.0293,6215.4902,6144.3501,3783.97998,3773.090088,3312.780029,3269.23999,743.710022,734.210022,283.959991,280.559998,5057.509765999999,5002.399902,8559.25,8530.019531,129.779999,130.490005,1060.02002,1040.420044,303.179993,299.040009,659.950012,658.3099980000002,-0.93,0.15,0.38,-0.93,0.29,0.9,-1.14,-0.06,-0.56,-0.29,-0.46,-1.31,-0.72,-1.28,-0.47,-1.2,0.87,-1.09,0.14,-0.34,-0.64,0.55,0.24,-1.85,-0.53,-1.37,-0.09,-0.25,-0.11
22,2017-06-30,87535,18499,0.54,0.0,0.852,0.148,2429.2,2423.4099,21348.5996,21349.6309,6166.8398,6140.4199,3786.419922,3755.669922,3275.080078,3245.649902,735.400024,730.789978,281.709991,283.01001,5017.029785,5009.649902,8543.080078,8475.370117,131.220001,130.800003,1044.969971,1034.910034,300.73999,298.76001,659.48999,657.570007,-0.24,0.23,0.38,0.0,0.61,0.6,-0.43,-0.49,0.17,-0.81,1.99,-0.9,0.38,-0.63,0.17,0.46,-0.11,-0.15,-0.66,-0.79,1.09,-0.32,3.26,-0.96,-1.39,-0.66,-0.08,-0.29,-0.55
24,2017-07-03,215152,48229,0.58755,0.16,0.625,0.215,2431.3899,2429.01,21392.3008,21479.2695,6173.29,6110.0601,3772.780029,3830.590088,3259.72998,3257.879883,734.1900019999998,732.049988,284.0299990000001,282.709991,5035.939941,4976.680176,8510.870117,8567.879883,131.529999,135.070007,1040.920044,1020.51001,299.130005,298.51001,659.460022,653.97998,-0.1,0.15,-0.79,0.41,-0.01,-0.74,-1.02,0.67,-0.34,1.53,-0.44,-0.06,1.39,-0.29,1.15,-0.46,0.39,-1.18,0.16,0.67,-0.87,2.69,-3.12,-1.96,2.08,-0.21,-0.39,-0.83,-0.39
29,2017-07-11,0,10349,-0.2263,0.155,0.687,0.159,2427.3501,2425.53,21410.1699,21409.0703,6171.25,6193.2998,3771.98999,3760.959961,3250.459961,3264.73999,730.47998,732.590027,284.48999,283.73999,4992.0,5003.700195,8493.740234,8459.94043,128.770004,130.020004,1066.869995,1075.420044,297.369995,298.019989,652.72998,651.460022,-0.07,0.73,0.92,-0.01,0.57,0.67,0.36,1.1,1.31,-0.29,0.18,0.44,0.75,0.29,0.75,-0.26,0.2,0.23,1.1,-0.4,0.34,0.97,-0.1,0.8,1.62,0.22,0.29,-0.19,0.61
30,2017-07-12,366715,93363,0.6551600000000001,0.0,0.7288,0.2712,2435.75,2443.25,21467.9297,21532.1406,6238.8999,6261.1699,3755.580078,3767.909912,3288.75,3289.139893,737.650024,738.0599980000002,285.269989,284.309998,5046.040039,5058.580078,8475.410156,8488.959961,132.0,129.889999,1085.880005,1092.859985,299.959991,298.890015,656.25,655.460022,0.31,0.19,0.66,0.3,0.1,0.49,0.36,0.21,0.82,0.33,0.15,0.01,0.66,0.06,0.37,-0.34,0.0,0.25,-0.02,0.16,0.21,-1.6,2.23,0.64,-0.25,-0.36,0.04,-0.12,-0.37
31,2017-07-14,48543,8663,0.7579,0.0,0.629,0.371,2449.1599,2459.27,21532.7695,21637.7402,6289.0801,6312.4702,3740.0,3749.649902,3320.060059,3312.389893,742.51001,743.3900150000002,284.5299990000001,285.410004,5071.899902,5080.77002,8483.160156,8515.360352,133.059998,134.470001,1094.609985,1104.319946,299.190002,299.890015,656.299988,656.429993,0.41,-0.01,0.05,0.49,-0.04,-0.29,0.37,0.03,0.5,0.26,-0.01,-0.23,-0.37,0.12,-0.17,0.31,-0.02,0.17,0.09,0.38,0.4,1.06,0.16,0.89,-0.43,0.23,0.19,0.02,0.4
33,2017-07-17,85365,14914,0.68,0.0,0.728,0.272,2459.5,2459.1399,21633.9707,21629.7207,6320.3501,6314.4302,3745.530029,3749.280029,3316.790039,3300.110107,744.299988,742.159973,285.390015,285.359985,5087.540039,5085.589844,8510.099609,8549.139648,134.320007,134.690002,1106.849976,1099.550049,300.51001,300.470001,656.700012,659.0599980000002,-0.01,0.06,0.6,-0.02,-0.25,0.05,-0.09,0.47,1.12,0.1,-0.23,-0.5,0.03,-0.29,-0.02,-0.01,-0.73,-0.04,0.74,0.46,0.16,0.28,-0.36,-0.66,0.35,-0.01,-0.23,0.36,0.26
37,2017-07-24,123565,29324,0.39505,0.0,0.852,0.148,2472.04,2469.9099,21577.7793,21513.1699,6387.8198,6410.8101,3721.429932,3749.0,3398.459961,3428.840088000001,757.73999,764.130005,286.230011,285.200012,5163.97998,5172.180176,8673.839844,8709.69043,135.869995,133.690002,1108.130005,1103.01001,303.899994,304.730011,672.460022,666.330017,-0.09,0.29,0.32,-0.3,0.47,0.92,0.36,0.02,0.19,0.74,1.57,0.89,-1.11,0.84,-0.84,-0.36,0.23,0.16,0.48,0.41,0.77,-1.6,1.37,-0.46,-0.04,0.27,0.58,-0.91,-0.48
39,2017-07-27,87346,20071,0.4199,0.0,0.878,0.122,2482.76,2475.4199,21717.4199,21796.5508,6459.7598,6382.1899,3749.870117,3740.689941,3433.51001,3346.580078,762.469971,746.090027,285.309998,286.119995,5256.8598630000015,5233.299805,8709.480469,8607.400391,134.990005,135.149994,1118.839966,1097.27002,304.01001,302.420013,668.289978,671.26001,-0.3,-0.13,-0.21,0.36,0.15,0.43,-1.2,-0.12,-0.53,-0.24,-0.79,-2.53,0.72,-2.15,0.73,0.28,-0.91,-0.45,-0.75,-1.17,1.5,0.12,-0.2,-1.93,-0.39,-0.52,-0.1,0.44,-0.02
41,2017-07-31,120687,28813,-0.6239,0.341,0.467,0.192,2475.9399,2470.3,21863.3906,21891.1191,6394.6899,6348.1201,3723.919922,3733.169922,3362.439941,3339.860107,751.469971,746.789978,283.940002,283.459991,5218.009765999999,5182.680176,8746.799805,8741.280273,134.690002,134.360001,1096.920044,1085.150024,303.179993,301.309998,671.4400019999998,673.48999,-0.23,0.24,0.29,0.13,0.33,0.57,-0.73,0.23,0.23,0.25,0.66,-0.67,-0.99,-0.62,-0.8,-0.17,0.56,-0.68,0.24,-0.06,0.49,-0.25,-0.83,-1.07,0.55,-0.62,0.86,0.31,0.38
43,2017-08-02,74592,19077,0.5423,0.0,0.727,0.273,2480.3799,2477.5701,22004.3594,22016.2402,6393.1001,6362.6499,3758.030029,3746.790039,3315.0,3321.959961,741.880005,741.539978,284.929993,285.480011,5184.870117,5165.399902,8781.620117,8755.429688,132.470001,133.75,1099.48999,1083.959961,303.730011,303.170013,673.650024,679.1099849999998,-0.11,-0.22,-0.03,0.05,0.04,0.35,-0.48,-0.35,-0.17,-0.3,-0.81,0.21,-0.84,-0.05,-0.57,0.19,-0.32,-0.38,-0.28,-0.3,0.29,0.97,-0.07,-1.41,-0.48,-0.18,0.11,0.81,0.46
44,2017-08-03,306514,65051,0.32716666666666666,0.09266666666666666,0.7093333333333334,0.19800000000000004,2476.03,2472.1599,22007.5801,22026.0996,6366.2402,6340.3398,3741.129883,3716.439941,3327.560059,3294.1201170000004,741.700012,737.289978,285.549988,284.579987,5175.560059,5151.1401369999985,8820.599609,8781.209961,133.71000700000002,133.660004,1082.890015,1078.800049,303.959991,303.48999,677.6099849999998,682.26001,-0.16,0.19,0.35,0.08,0.3,0.42,-0.41,0.18,0.68,-0.66,0.73,-1.0,0.37,-0.59,0.17,-0.34,0.68,-0.47,-0.02,-0.45,0.62,-0.04,-0.01,-0.38,0.06,-0.15,0.21,0.69,-0.34
45,2017-08-04,271349,87428,0.36862000000000006,0.055400000000000005,0.7958000000000001,0.1488,2476.8799,2476.8301,22058.3906,22092.8105,6350.79,6351.5601,3740.97998,3743.530029,3296.48999,3306.409912,737.880005,738.570007,285.320007,286.51001,5156.220215,5150.299805,8814.089844,8835.509766,133.78999299999998,133.639999,1080.22998,1079.449951,303.290009,304.140015,680.099976,679.919983,-0.0,0.16,-0.08,0.16,0.12,-0.03,0.01,0.51,0.3,0.07,-0.61,0.3,0.5,0.09,0.63,0.42,-0.17,-0.11,0.34,0.24,-0.68,-0.11,-2.66,-0.07,1.74,0.28,0.11,-0.03,0.22
48,2017-08-07,325188,71388,0.53955,0.08125,0.665,0.25375,2477.1399,2480.9099,22100.1992,22118.4199,6361.0601,6383.77,3744.149902,3720.600098,3302.51001,3322.899902,738.200012,743.210022,286.609985,286.0299990000001,5157.149902,5167.879883,8807.099609,8775.469727,132.610001,130.080002,1082.849976,1098.25,304.589996,304.459991,679.76001,681.4400019999998,0.15,-0.24,-0.28,0.08,-0.15,-0.32,0.36,-0.21,-0.49,-0.63,0.22,0.62,-0.93,0.68,-0.78,-0.2,-0.53,0.21,-0.29,-0.36,-0.95,-1.91,-1.88,1.42,-0.41,-0.04,-0.48,0.25,0.35
50,2017-08-09,102424,24111,0.6901,0.0,0.794,0.206,2465.3501,2474.02,22022.3398,22048.6992,6322.9199,6352.3301,3697.570068,3680.469971,3270.959961,3281.76001,732.75,734.039978,283.76001,283.5299990000001,5104.0,5128.200195,8651.769531,8659.120117,128.050003,126.129997,1083.619995,1090.48999,301.980011,301.670013,685.22998,680.3599849999998,0.35,-1.45,-1.32,0.12,-0.93,-0.86,0.47,-2.13,-1.51,-0.46,-2.13,0.33,-2.86,0.18,-2.58,-0.08,-1.94,0.47,-1.69,0.08,-0.47,-1.5,-2.05,0.63,-2.79,-0.1,-2.04,-0.71,0.31
52,2017-08-11,217133,66606,0.6038,0.0,0.7675000000000001,0.2325,2441.04,2441.3201,21883.3203,21858.3203,6222.1802,6256.5601,3616.139893,3569.159912,3192.98999,3211.310059,716.3599849999998,720.6400150000002,277.359985,278.48999,5049.600098,5071.379883,8651.230469,8581.860352,122.760002,123.080002,1053.030029,1066.219971,295.720001,298.7799990000001,682.3599849999998,677.98999,0.01,1.0,0.95,-0.11,0.62,0.64,0.55,1.34,1.22,-1.3,2.44,0.57,0.97,0.6,1.07,0.41,1.03,0.43,0.93,-0.8,0.95,0.26,0.03,1.25,2.58,1.03,1.23,-0.64,0.53
55,2017-08-16,180372,54505,-0.16989999999999997,0.19533333333333333,0.6403333333333333,0.16466666666666666,2468.6299,2468.1101,22031.9297,22024.8691,6348.1099,6345.1099,3651.939941,3630.23999,3255.219971,3246.439941,730.599976,729.77002,282.170013,282.589996,5105.47998,5104.870117,8638.540039,8626.740234,121.139999,119.050003,1099.849976,1098.069946,302.399994,304.420013,684.429993,687.210022,-0.02,-1.54,-1.72,-0.03,-1.24,-1.59,-0.05,-1.94,-2.03,-0.59,-2.41,-0.27,-1.76,-0.11,-1.72,0.15,-2.03,-0.01,-1.88,-0.14,-1.23,-1.73,-1.06,-0.16,-2.58,0.67,-2.81,0.41,-0.75
56,2017-08-18,83960,15167,0.6486,0.0,0.798,0.202,2427.6399,2425.55,21724.8809,21674.5098,6222.46,6216.5298,3520.030029,3547.5500490000004,3179.899902,3181.379883,715.47998,715.590027,275.940002,275.079987,5010.089844,5003.379883,8494.94043,8533.330078,117.75,119.419998,1076.98999,1071.890015,295.720001,292.75,681.530029,686.3599849999998,-0.09,0.12,1.11,-0.23,0.13,1.04,-0.1,-0.05,1.3,0.78,-0.11,0.05,0.23,0.02,0.22,-0.31,0.15,-0.13,-0.01,0.45,-0.08,1.42,-1.1,-0.47,-0.69,-1.0,0.3,0.71,0.32
60,2017-08-31,0,9748,0.6696,0.0,0.8,0.2,2462.6499,2471.6499,21936.0098,21948.0996,6385.7998,6428.6602,3600.060059000001,3590.929932,3411.659912,3491.030029,758.5599980000002,773.75,279.73999,283.109985,5092.600098,5107.669922,8481.209961,8506.160156,120.739998,120.620003,1106.349976,1114.310059,303.399994,305.0,691.619995,691.26001,0.37,0.2,-0.56,0.06,0.18,-0.89,0.67,0.1,-0.83,-0.25,0.72,2.33,0.72,2.0,0.51,1.2,-0.04,0.3,0.13,0.29,-0.03,-0.1,1.53,0.72,0.45,0.53,-0.03,-0.05,-0.33
65,2017-09-07,124955,44942,0.205625,0.03475,0.82525,0.14,2468.0601,2465.1001,21820.3809,21784.7793,6402.9399,6397.8701,3528.840088000001,3448.590088000001,3488.139893,3510.040039,775.23999,781.0,280.859985,279.920013,5109.649902,5086.200195,8287.349609,8167.600098000001,127.169998,127.160004,1108.689941,1107.339966,301.869995,300.059998,688.780029,692.669983,-0.12,-0.15,0.93,-0.16,0.06,1.25,-0.08,-0.59,0.54,-2.27,1.03,0.63,-0.37,0.74,-0.18,-0.33,1.59,-0.46,-0.6,-1.44,2.73,-0.01,-1.82,-0.12,-1.25,-0.6,-0.79,0.56,0.45
68,2017-09-14,153491,34329,0.6973,0.0,0.7829999999999999,0.21699999999999997,2494.5601,2495.6201,22144.9609,22203.4805,6439.46,6429.0801,3643.699951,3613.27002,3486.149902,3474.01001,779.48999,777.48999,283.160004,283.0,5142.850098,5127.97998,8549.19043,8523.019531,133.509995,133.410004,1118.300049,1127.420044,300.540009,300.709991,685.900024,692.9400019999998,0.04,0.18,0.33,0.26,0.29,0.58,-0.16,0.3,0.4,-0.84,0.32,-0.35,-0.04,-0.26,-0.02,-0.06,0.01,-0.29,-0.01,-0.31,0.37,-0.07,0.33,0.82,1.71,0.06,0.42,1.03,0.07
69,2017-09-15,208262,49075,-0.6288,0.236,0.6619999999999999,0.1025,2495.6699,2500.23,22252.4395,22268.3398,6426.1602,6448.4702,3606.75,3624.820068,3477.350098,3472.5500490000004,777.98999,777.330017,282.850006,283.019989,5122.299805,5127.25,8511.200195,8554.790039,133.479996,133.850006,1130.359985,1146.680054,300.890015,301.959991,693.210022,693.450012,0.18,0.15,0.26,0.07,0.28,0.46,0.35,0.1,0.2,0.5,1.4,-0.14,0.05,-0.08,0.12,0.06,0.72,0.1,-0.01,0.51,0.11,0.28,0.76,1.44,1.24,0.36,0.41,0.03,-1.03
72,2017-09-20,122304,35115,-0.0153,0.14466666666666667,0.7403333333333334,0.11499999999999999,2506.8401,2508.24,22351.3809,22412.5898,6459.7402,6456.04,3687.300049,3737.090088,3464.0500490000004,3483.23999,775.460022,779.3599849999998,285.630005,285.2799990000001,5125.5,5132.600098,8556.089844,8592.129883,134.589996,136.350006,1165.01001,1148.599976,305.790009,304.809998,686.169983,679.4400019999998,0.06,-0.3,-0.24,0.27,-0.24,-0.28,-0.06,-0.52,-0.45,1.35,0.32,0.55,-0.52,0.5,-0.49,-0.12,-0.04,0.14,-0.56,0.42,-0.18,1.31,-1.36,-1.41,-0.41,-0.32,0.0,-0.98,-0.04
73,2017-09-22,124920,39133,-0.2168,0.144,0.688,0.168,2497.26,2502.22,22334.0703,22349.5898,6401.4399,6426.9199,3738.76001,3761.159912,3450.580078,3454.530029,773.3099980000002,775.52002,285.109985,286.070007,5093.330078,5106.259765999999,8557.700195,8644.0,134.300003,136.240005,1139.439941,1149.589966,304.980011,308.660004,680.51001,674.719971,0.2,-0.22,-0.22,0.07,-0.24,-0.29,0.4,-0.88,-0.73,0.6,0.14,0.11,0.37,0.29,0.19,0.34,0.05,0.25,-0.69,1.01,0.24,1.44,2.72,0.89,-1.97,1.21,0.01,-0.85,0.87
76,2017-09-26,38892,7816,0.0258,0.101,0.758,0.141,2501.04,2496.8401,22322.0293,22284.3203,6391.8501,6380.1602,3771.77002,3795.060059,3472.149902,3434.199951,776.97998,771.320007,286.790009,287.790009,5084.350098,5073.649902,8667.700195,8703.25,139.199997,140.610001,1136.130005,1126.400024,309.48999,309.119995,679.799988,679.409973,-0.17,0.41,0.53,-0.17,0.25,0.43,-0.18,1.15,1.15,0.62,2.37,-1.09,0.65,-0.73,0.62,0.35,0.93,-0.21,0.91,0.41,1.07,1.01,0.8,-0.86,2.36,-0.12,-0.14,-0.06,-1.22
77,2017-09-27,208826,42188,0.29050000000000004,0.05366666666666666,0.8283333333333335,0.118,2503.3,2507.04,22330.9297,22340.7109,6414.3701,6453.2598,3829.429932,3884.949951,3445.100098,3456.48999,773.72998,776.1400150000002,288.709991,290.480011,5095.959961,5119.589844,8737.990234,8796.709961,141.009995,141.729996,1141.089966,1153.0,309.880005,308.690002,675.719971,671.099976,0.15,0.12,0.49,0.04,0.18,0.29,0.61,0.0,0.66,1.45,0.52,0.33,0.1,0.31,-0.26,0.61,0.91,0.46,-0.24,0.67,0.27,0.51,-0.12,1.04,0.75,-0.38,-0.21,-0.68,0.32
78,2017-09-28,149019,33491,0.6875,0.14500000000000002,0.581,0.274,2503.4099,2510.0601,22306.8301,22381.1992,6437.96,6453.4502,3886.209961,3905.280029,3450.340088000001,3459.949951,774.119995,774.099976,290.070007,293.119995,5106.509765999999,5107.200195,8781.160156,8820.099609,142.419998,141.559998,1150.219971,1161.689941,307.540009,308.049988,668.280029,673.27002,0.27,0.37,0.76,0.33,0.11,0.79,0.24,0.66,0.98,0.49,0.25,0.28,0.96,-0.0,0.96,1.05,0.96,0.01,0.38,0.44,-0.43,-0.6,0.43,1.0,0.87,0.17,0.67,0.75,-0.03
82,2017-10-05,151943,34634,-0.5386,0.243,0.647,0.11,2540.8601,2552.0701,22669.0801,22775.3906,6552.8701,6585.3599,3901.659912,3937.889893,3571.51001,3570.790039,796.340027,796.25,301.619995,301.470001,5182.370117,5212.060059,8852.990234,8880.509766,139.419998,140.25,1188.569946,1186.069946,310.420013,310.609985,679.650024,679.950012,0.44,-0.11,-0.29,0.47,-0.01,-0.06,0.5,0.07,-0.09,0.93,0.06,-0.02,-0.23,-0.01,-0.38,-0.05,0.27,0.57,-0.14,0.31,-0.07,0.6,-1.37,-0.21,0.45,0.06,0.47,0.04,-0.07
85,2017-10-10,133365,46705,0.31845,0.0,0.8905000000000001,0.1095,2549.99,2550.6399,22784.7598,22830.6797,6602.4902,6587.25,3943.389893,3968.360107,3557.899902,3558.030029,789.6900019999998,789.630005,302.660004,301.920013,5193.879883,5177.930176,8850.490234,8873.200195,140.399994,138.839996,1209.5,1207.199951,312.309998,310.23999,680.679993,686.880005,0.03,0.18,0.01,0.2,0.18,0.05,-0.23,0.25,0.06,0.63,-0.51,0.0,-0.27,-0.01,-0.14,-0.24,0.09,-0.31,0.06,0.26,-0.03,-1.11,-0.02,-0.19,0.66,-0.66,0.1,0.91,0.46
86,2017-10-11,434154,94954,-0.0558285714285714,0.11757142857142856,0.7498571428571429,0.13242857142857142,2550.6201,2555.24,22827.6504,22872.8906,6586.73,6603.5498,3958.48999,3948.080078,3554.169922,3548.5,788.77002,788.52002,302.2799990000001,302.179993,5182.370117,5181.169922,8858.030273,8870.790039,138.860001,138.809998,1204.900024,1215.189941,309.25,310.540009,685.6400150000002,690.039978,0.18,-0.17,-0.08,0.2,-0.14,-0.01,0.26,-0.18,0.03,-0.26,-0.57,-0.16,-0.53,-0.03,-0.45,-0.03,-0.01,-0.02,-0.31,0.14,-0.15,-0.04,-1.34,0.85,-0.34,0.42,-0.43,0.64,0.4
87,2017-10-12,102135,21185,0.64785,0.0,0.7545,0.2455,2552.8799,2550.9299,22854.8496,22841.0098,6594.7598,6591.5098,3951.790039,3925.540039,3546.699951,3529.5200200000004,788.1900019999998,784.950012,301.670013,302.160004,5169.370117,5165.290039,8863.730469,8857.870117,137.880005,136.949997,1214.130005,1211.099976,308.359985,309.209991,689.8900150000002,692.789978,-0.08,0.09,0.26,-0.06,0.13,0.51,-0.05,0.22,0.49,-0.66,-0.4,-0.48,-0.25,-0.41,-0.44,0.16,-0.21,-0.08,0.19,-0.07,0.4,-0.67,0.83,-0.25,0.67,0.28,0.38,0.42,-0.78
88,2017-10-13,66117,15593,0.8805,0.0,0.638,0.362,2555.6599,2553.1699,22876.4297,22871.7207,6613.21,6605.7998,3917.52002,3909.659912,3535.73999,3520.560059000001,785.570007,781.530029,302.640015,301.5299990000001,5182.990234000001,5174.990234000001,8862.030273,8893.419922,138.179993,138.089996,1218.839966,1219.209961,310.160004,310.390015,694.159973,687.3599849999998,-0.1,0.18,0.24,-0.02,0.37,0.55,-0.11,0.28,0.27,-0.2,0.73,-0.43,0.19,-0.51,-0.1,-0.37,0.4,-0.15,0.14,0.35,0.35,-0.07,0.17,0.03,0.47,0.07,-0.19,-0.98,-0.18
90,2017-10-16,293803,67561,0.026100000000000033,0.0992,0.7452,0.15539999999999998,2555.5701,2557.6399,22892.9199,22956.9609,6622.5498,6624.0,3915.649902,3938.22998,3533.840088000001,3527.23999,782.900024,780.73999,301.700012,302.730011,5189.819824,5182.209961,8906.730469,8924.219727,139.160004,138.320007,1224.51001,1224.98999,311.100006,309.790009,687.150024,686.130005,0.08,0.07,0.14,0.28,0.18,0.87,0.02,-0.01,0.0,0.58,-1.14,-0.19,0.42,-0.28,0.49,0.34,0.03,-0.15,-0.16,0.2,-0.08,-0.6,-0.72,0.04,-0.07,-0.42,-0.02,-0.15,0.69
91,2017-10-17,44334,18273,0.2553,0.0,0.892,0.108,2557.1699,2559.3601,22952.4102,22997.4395,6621.4199,6623.6602,3940.870117,3893.419922,3533.810059000001,3541.949951,782.25,784.599976,302.559998,302.820007,5177.379883,5174.160156,8934.740234,8916.80957,138.279999,137.320007,1223.170044,1224.119995,309.420013,309.720001,685.419983,690.869995,0.09,0.07,0.11,0.2,0.7,0.72,0.03,0.01,-0.28,-1.2,0.69,0.23,-0.72,0.3,-0.44,0.09,0.28,-0.06,-0.12,-0.2,0.62,-0.69,-2.06,0.08,0.33,0.1,-0.07,0.8,-0.14
92,2017-10-18,243858,60836,0.13269999999999998,0.1248,0.6988000000000001,0.1762,2562.8701,2561.26,23087.1309,23157.5996,6634.2598,6624.2202,3906.23999,3920.169922,3554.75,3516.600098,786.72998,781.159973,303.220001,303.670013,5179.490234000001,5167.870117,8931.480469,8971.919922,136.919998,134.490005,1226.780029,1228.160034,310.320007,309.48999,690.070007,689.919983,-0.06,0.03,0.54,0.31,0.02,0.74,-0.15,-0.29,0.07,0.36,0.53,-1.07,-0.2,-0.71,-0.01,0.15,0.94,-0.22,-0.32,0.45,0.57,-1.77,-1.21,0.11,-0.25,-0.27,0.49,-0.02,1.06
94,2017-10-20,257304,57020,0.223275,0.048,0.81425,0.13774999999999998,2567.5601,2575.21,23205.1797,23328.6309,6633.3701,6629.0498,3988.219971,3974.02002,3480.149902,3472.320068,775.039978,775.0,308.200012,308.679993,5182.680176,5172.370117,9078.230469,9074.209961,133.190002,131.71000700000002,1235.439941,1231.339966,313.950012,313.230011,696.429993,698.280029,0.3,-0.4,-0.24,0.53,-0.23,0.48,-0.07,-0.64,-0.46,-0.36,-1.0,-0.22,-1.17,-0.01,-0.9,0.16,0.15,-0.2,-0.89,-0.04,-0.16,-1.11,-1.63,-0.33,0.47,-0.23,0.37,0.27,0.04
97,2017-10-23,113610,23729,0.7177,0.072,0.691,0.237,2578.0801,2564.98,23348.9492,23273.9609,6641.5698,6586.8301,3976.98999,3934.350098,3474.830078,3431.7700200000004,776.27002,767.98999,310.359985,309.149994,5178.209961,5126.319824,9074.709961,9059.379883,131.809998,129.559998,1237.329956,1237.140015,314.350006,314.380005,698.700012,698.590027,-0.51,0.16,-0.31,-0.32,0.72,0.24,-0.82,0.18,-0.35,-1.07,0.56,-1.24,-0.82,-1.07,-0.67,-0.39,1.23,-1.0,0.14,-0.17,-0.4,-1.71,0.54,-0.02,0.67,0.01,0.66,-0.02,0.11
98,2017-10-24,320246,67454,0.29910000000000003,0.108,0.6759999999999999,0.216,2568.6599,2569.1299,23346.7793,23441.7598,6598.6099,6598.4302,3947.340088,3956.199951,3434.179932,3403.780029,768.719971,762.820007,310.0,312.950012,5137.220215,5133.660156,9069.629883,9023.410156,130.429993,130.259995,1239.670044,1245.380005,314.660004,316.450012,697.97998,699.340027,0.02,-0.47,-0.34,0.41,-0.48,-0.17,-0.0,-0.52,-0.63,0.22,-0.27,-0.89,-1.06,-0.77,-0.85,0.95,-0.99,-0.07,-0.27,-0.51,-0.2,-0.13,-0.32,0.46,-1.29,0.57,-0.72,0.19,-0.4
99,2017-10-25,191636,35971,0.4973,0.033999999999999996,0.7973333333333333,0.16866666666666666,2566.52,2557.1499,23431.0898,23329.4609,6587.2202,6563.8901,3963.76001,3945.429932,3400.780029,3367.860107,761.369995,756.299988,312.929993,309.859985,5125.299805,5119.580078,9021.339844,9005.650391,130.369995,129.839996,1236.640015,1229.27002,316.600006,314.160004,697.799988,696.51001,-0.37,0.13,0.94,-0.43,0.31,0.45,-0.35,-0.11,2.09,-0.46,0.86,-0.97,-2.28,-0.67,-2.23,-0.98,1.67,-0.11,-0.05,-0.17,0.39,-0.41,-1.72,-0.6,0.63,-0.77,-0.09,-0.18,-0.06
100,2017-10-26,110165,33024,0.23763333333333328,0.103,0.7363333333333332,0.16066666666666665,2560.0801,2560.3999,23380.8906,23400.8594,6567.5898,6556.77,3952.219971,3979.48999,3289.709961,3291.22998,739.619995,739.460022,312.269989,315.019989,5123.259765999999,5117.080078,9022.019531,9040.5,130.070007,127.610001,1233.97998,1237.030029,314.98999,313.890015,699.820007,696.070007,0.01,0.81,0.49,0.09,0.14,-0.22,-0.16,2.2,2.17,0.69,0.72,0.05,0.67,-0.02,0.76,0.88,0.52,-0.12,2.16,0.2,-0.76,-1.89,0.56,0.25,2.14,-0.35,0.58,-0.54,0.66
101,2017-10-27,105441,19938,0.7011000000000001,0.08299999999999999,0.6535,0.2635,2570.26,2581.0701,23419.1602,23434.1895,6635.0298,6701.2598,3983.330078,4008.060059,3276.030029,3313.429932,737.119995,745.080017,315.25,316.649994,5166.430176,5227.509765999999,9022.200195,8971.389648,127.160004,128.320007,1248.359985,1263.550049,313.929993,315.709991,694.969971,700.650024,0.42,-0.32,-0.23,0.06,-0.36,-0.24,1.0,-0.03,0.39,0.62,-1.99,1.14,0.06,1.08,-0.07,0.44,0.23,1.18,-0.24,-0.56,-1.0,0.91,2.34,1.22,0.19,0.57,-1.47,0.82,0.09
103,2017-10-31,102334,31713,0.14993333333333334,0.05566666666666667,0.8366666666666666,0.10766666666666665,2575.99,2575.26,23369.2207,23377.2402,6713.71,6727.6699,3934.25,3941.159912,3323.280029,3290.050049,746.0,742.919983,318.019989,319.290009,5230.759765999999,5242.629883,8881.330078,8890.05957,131.009995,132.380005,1265.180054,1275.609985,311.709991,312.369995,700.030029,701.919983,-0.03,0.16,0.18,0.03,0.25,0.59,0.21,-0.17,-0.19,0.18,-0.65,-1.0,-0.64,-0.41,-0.65,0.4,0.27,0.23,-0.14,0.1,-0.14,1.05,0.86,0.82,-0.32,0.21,0.78,0.27,-0.53
109,2017-11-07,135859,24523,-0.08786666666666669,0.18000000000000002,0.719,0.10099999999999999,2592.1101,2590.6399,23574.0293,23557.2305,6785.4399,6767.7798,3925.179932,3820.840088,3305.100098,3289.73999,743.3599849999998,741.700012,319.880005,319.119995,5245.899902,5232.0,8825.219727,8800.730469,141.28999299999995,140.580002,1314.689941,1316.550049,308.540009,308.149994,700.039978,707.030029,-0.06,0.14,-0.23,-0.07,0.03,-0.4,-0.26,0.32,-0.26,-2.66,-0.84,-0.46,-0.41,-0.22,-0.2,-0.24,1.11,-0.26,0.46,-0.28,-0.12,-0.5,0.38,0.14,0.35,-0.13,0.47,1.0,0.03
111,2017-11-09,302405,61036,-0.022400000000000014,0.09966666666666667,0.7986666666666666,0.10166666666666667,2584.0,2584.6201,23492.0898,23461.9395,6737.4502,6750.0498,3763.810059,3757.25,3252.459961,3258.879883,735.530029,737.5599980000002,320.190002,323.309998,5215.819824,5249.6098630000015,8751.169922,8768.870117,140.21000700000002,142.21000700000005,1306.099976,1294.660034,307.619995,307.040009,704.450012,707.9400019999998,0.02,-0.09,0.01,-0.13,-0.17,-0.09,0.19,0.01,0.11,-0.17,-0.04,0.2,0.36,0.28,0.0,0.97,-0.26,0.65,0.28,0.2,-0.2,1.43,-0.86,-0.88,0.65,-0.19,0.19,0.5,-0.41
115,2017-11-13,185294,35829,0.5770666666666667,0.07266666666666666,0.7156666666666668,0.21166666666666667,2576.53,2584.8401,23367.4707,23439.6992,6727.3901,6757.6001,3733.199951,3802.820068,3260.72998,3246.719971,735.219971,734.52002,321.630005,323.869995,5254.299805,5283.47998,8700.879883,8717.780273,140.119995,138.119995,1297.5,1306.579956,306.609985,307.160004,705.789978,713.5599980000002,0.32,-0.23,-0.78,0.31,-0.13,-0.72,0.45,-0.29,-0.76,1.86,0.63,-0.43,-1.57,-0.1,-1.23,0.7,0.78,0.56,-0.14,0.19,0.08,-1.43,-3.84,0.7,-0.12,0.18,0.45,1.1,1.22
116,2017-11-14,258083,48239,0.47935000000000005,0.0615,0.74525,0.19349999999999998,2577.75,2578.8701,23388.4004,23409.4707,6733.8701,6737.8701,3781.300049,3826.840088,3236.439941,3195.780029,732.200012,725.450012,322.51001,326.390015,5267.319824,5276.259765999999,8684.80957,8724.860352,137.059998,132.820007,1301.829956,1305.0,306.76001,308.5299990000001,711.419983,722.23999,0.04,-0.55,0.26,0.09,-0.59,0.21,0.06,-0.47,0.82,1.2,-0.01,-1.26,0.35,-0.92,0.22,1.2,-0.19,0.17,-0.46,0.46,0.31,-3.09,-1.81,0.24,-0.9,0.58,0.41,1.52,-0.93
117,2017-11-15,146201,64743,0.13543333333333332,0.141,0.641,0.218,2569.45,2564.6201,23334.5898,23271.2793,6700.6802,6706.21,3789.199951,3826.459961,3182.75,3207.040039,722.710022,727.070007,324.899994,325.769989,5254.120117,5251.75,8696.709961,8752.080078,130.860001,130.419998,1296.02002,1293.199951,308.480011,309.790009,724.02002,715.52002,-0.19,0.82,0.55,-0.27,0.8,0.37,0.08,1.3,1.14,0.98,0.38,0.76,1.49,0.6,1.58,0.27,0.67,-0.05,1.21,0.64,-0.45,-0.34,-0.68,-0.22,1.54,0.42,3.77,-1.17,-0.45
119,2017-11-17,230135,46204,0.2509666666666667,0.07566666666666667,0.7783333333333333,0.14566666666666667,2582.9399,2578.8501,23433.7695,23358.2402,6794.4502,6782.79,3820.959961,3860.52002,3247.530029,3258.189941,737.0599980000002,739.22998,327.100006,329.929993,5324.169922,5323.439941,8690.570313,8731.410156,130.100006,131.309998,1319.969971,1306.930054,320.920013,322.829987,710.450012,706.820007,-0.16,0.13,0.78,-0.32,0.31,1.0,-0.17,0.12,1.17,1.04,0.95,0.33,-0.95,0.29,-0.69,0.87,0.39,-0.01,-0.04,0.47,0.1,0.93,-0.65,-0.99,1.22,0.6,1.29,-0.51,-0.25
121,2017-11-20,148285,30969,-0.13219999999999998,0.1955,0.704,0.1005,2579.49,2582.1399,23370.7109,23430.3301,6789.2798,6790.71,3865.560059,3897.030029,3261.939941,3227.26001,739.76001,734.119995,330.190002,331.230011,5325.490234000001,5321.339844,8730.349609,8739.709961,130.949997,130.46000700000002,1312.839966,1322.810059,323.549988,326.980011,707.549988,705.070007,0.1,0.65,0.58,0.26,0.69,0.41,0.02,1.06,1.13,0.81,0.37,-1.06,0.83,-0.76,0.86,0.31,1.08,-0.08,0.88,0.11,0.78,-0.37,-0.21,0.76,1.14,1.06,0.56,-0.35,0.24
124,2017-11-27,165419,31380,0.7419,0.076,0.6365000000000001,0.2875,2602.6599,2601.4199,23552.8594,23580.7793,6889.9102,6878.52,3872.649902,3880.459961,3277.409912,3251.76001,745.02002,741.580017,336.589996,333.98999,5409.600098,5379.930176,8742.650391,8778.240234,130.809998,129.759995,1329.579956,1324.150024,330.0,331.980011,708.900024,711.080017,-0.05,0.98,0.95,0.12,1.09,1.53,-0.17,0.49,-0.79,0.2,3.07,-0.78,0.27,-0.46,0.35,-0.77,1.55,-0.55,0.81,0.41,0.8,-0.8,0.59,-0.41,-0.08,0.6,1.17,0.31,0.47
125,2017-11-28,121408,25463,0.3474,0.0,0.858,0.142,2605.9399,2627.04,23625.1895,23836.7109,6893.7202,6912.3599,3890.820068,3999.459961,3263.090088,3260.47998,744.080017,744.150024,335.230011,339.160004,5393.8598630000015,5423.709961,8775.519531,8848.280273,129.630005,130.520004,1326.280029,1323.079956,332.480011,335.880005,712.830017,714.429993,0.81,-0.04,0.78,0.9,0.44,1.83,0.27,-1.27,-0.56,2.79,2.97,-0.08,-0.08,0.01,-0.03,1.17,0.82,0.55,-0.49,0.83,0.59,0.69,0.48,-0.24,-4.39,1.02,-0.46,0.22,0.04
126,2017-11-29,514241,106629,0.4317375,0.027749999999999997,0.7738750000000001,0.1985,2627.8201,2626.0701,23883.2598,23940.6797,6907.2798,6824.3901,4020.98999,4118.3901369999985,3266.590088,3257.939941,745.48999,743.929993,339.380005,341.929993,5425.6401369999985,5397.169922,8866.049805,8900.320313,130.729996,131.149994,1319.920044,1265.01001,336.079987,334.320007,712.580017,714.73999,-0.07,0.82,0.61,0.24,1.39,1.22,-1.2,0.73,0.34,2.42,-1.23,-0.26,1.53,-0.21,1.27,0.75,0.75,-0.52,0.73,0.39,-0.31,0.32,1.83,-4.16,0.6,-0.52,-0.35,0.3,0.3
127,2017-11-30,163103,32642,0.50015,0.0425,0.6685,0.289,2633.9299,2647.5801,24013.8008,24272.3496,6852.7998,6873.9702,4139.970215,4067.860107,3272.679932,3307.850098,747.27002,753.3900150000002,342.859985,344.51001,5414.870117,5436.689941,8927.549805,8873.040039,132.080002,133.550003,1274.949951,1272.550049,335.059998,333.140015,714.580017,716.8900150000002,0.52,-0.2,-0.31,1.08,-0.17,0.07,0.31,-0.38,-1.43,-1.74,-0.24,1.07,0.26,0.82,-0.04,0.48,-0.71,0.4,-0.22,-0.61,-0.05,1.11,3.26,-0.19,-1.09,-0.57,0.15,0.32,-0.35
131,2017-12-04,181454,40596,0.49005,0.07500000000000001,0.7545,0.17099999999999999,2657.1899,2639.4399,24424.1094,24290.0508,6897.1299,6775.3701,4122.339844,4109.8901369999985,3337.72998,3262.389893,758.460022,742.27002,346.01001,344.929993,5470.1098630000015,5416.169922,8916.5,8829.0,137.910004,137.660004,1268.180054,1227.849976,336.309998,332.959991,715.549988,710.210022,-0.67,-0.37,-0.39,-0.55,-0.45,-0.61,-1.77,-0.19,0.01,-0.3,-1.84,-2.26,-0.55,-2.13,-0.48,-0.31,-1.49,-0.99,-0.22,-0.98,-1.02,-0.18,-1.31,-3.18,0.05,-1.0,-0.54,-0.75,-1.16
134,2017-12-12,89088,19006,0.1027,0.12,0.744,0.136,2661.73,2664.1101,24452.9609,24504.8008,6872.71,6862.3198,3983.969971,3997.98999,3336.360107,3321.51001,754.98999,752.340027,341.26001,339.410004,5461.830078,5458.310059,8693.490234,8703.849609,136.889999,136.699997,1240.689941,1233.180054,336.709991,336.899994,710.849976,700.599976,0.09,-0.05,-0.45,0.21,0.33,0.02,-0.15,0.2,-0.08,0.35,-0.49,-0.45,0.96,-0.35,0.83,-0.54,-0.24,-0.06,0.04,0.12,-1.12,-0.14,-1.57,-0.61,-0.01,0.06,0.7,-1.44,0.33
139,2017-12-19,132892,29731,0.33585,0.041,0.8380000000000001,0.121,2692.71,2681.47,24834.3809,24754.75,6991.25,6963.8501,4092.919922,4055.340088,3341.949951,3332.689941,758.76001,757.02002,344.470001,339.959991,5555.080078,5523.700195,8688.69043,8621.719727,137.149994,137.96000700000002,1277.040039,1276.52002,341.51001,338.869995,696.73999,684.51001,-0.42,-0.08,0.12,-0.32,-0.11,0.11,-0.39,-0.04,0.02,-0.92,-0.38,-0.28,0.52,-0.23,0.37,-1.31,0.54,-0.56,-0.14,-0.77,-0.23,0.59,2.54,-0.04,0.7,-0.77,0.44,-1.76,-0.73
140,2017-12-20,294199,67166,-0.04486666666666669,0.12966666666666668,0.7203333333333334,0.15,2688.1799,2679.25,24838.0898,24726.6504,6991.25,6960.96,4082.379883,4039.959961,3346.919922,3349.899902,759.700012,759.840027,341.2799990000001,341.809998,5541.839844,5515.839844,8650.089844,8602.150391,138.339996,141.470001,1289.369995,1285.439941,340.140015,340.369995,684.75,679.5,-0.33,0.2,0.15,-0.45,0.23,0.11,-0.43,0.06,-0.01,-1.04,1.09,0.09,0.2,0.02,-0.12,0.16,0.72,-0.47,0.51,-0.55,0.36,2.26,3.44,-0.3,-1.06,0.07,-0.01,-0.77,-1.06
141,2017-12-21,194902,44171,-0.10675000000000001,0.21450000000000002,0.6054999999999999,0.18000000000000002,2683.02,2684.5701,24778.2598,24782.2891,6972.8799,6965.3599,4059.129883,4084.040039,3344.719971,3356.469971,759.72998,758.919983,342.959991,344.2799990000001,5523.100098,5543.850098,8633.070313,8633.349609,141.479996,146.339996,1286.420044,1271.810059,341.730011,340.339996,677.700012,672.330017,0.06,-0.05,-0.15,0.02,-0.11,-0.15,-0.11,-0.08,-0.42,0.61,-0.52,0.35,0.21,-0.11,0.25,0.38,-0.33,0.38,-0.12,0.0,-0.11,3.44,0.08,-1.14,-0.05,-0.41,-0.04,-0.79,-0.01
142,2017-12-22,567794,117669,0.027416666666666662,0.11466666666666665,0.7401666666666666,0.14516666666666667,2684.22,2683.3401,24764.0391,24754.0605,6958.02,6959.96,4088.189941,4062.939941,3340.969971,3363.5200200000004,756.1099849999998,760.849976,344.829987,343.160004,5542.0,5536.97998,8651.769531,8623.870117,145.970001,146.46000700000005,1268.949951,1271.170044,341.01001,340.220001,673.849976,672.23999,-0.03,-0.11,-0.03,-0.04,-0.03,0.08,0.03,-0.34,-0.3,-0.62,-0.86,0.67,0.41,0.63,0.31,-0.48,0.51,-0.09,0.06,-0.32,0.07,0.34,1.76,0.17,-0.97,-0.23,-0.23,-0.24,-0.58
148,2017-12-29,0,15199,0.4019,0.0,0.891,0.109,2689.1499,2673.6101,24849.6309,24719.2207,6952.6099,6903.3901,4037.689941,3987.719971,3395.360107,3356.610107,766.47998,758.320007,348.0,345.0,5549.930176,5514.009765999999,8677.599609,8619.370117,149.059998,149.550003,1267.449951,1253.050049,340.76001,338.549988,676.6900019999998,674.539978,-0.58,0.83,1.48,-0.52,0.42,0.82,-0.71,1.5,2.35,-1.24,0.13,-1.14,2.5,-1.06,2.2,-0.86,0.59,-0.65,1.28,-0.67,-1.44,0.33,0.68,-1.14,2.77,-0.65,1.29,-0.32,-0.83
151,2018-01-02,160473,31556,0.10670000000000002,0.167,0.6174999999999999,0.2155,2683.73,2695.8101,24809.3496,24824.0098,6937.6499,7006.8999,4011.070068,3993.090088,3378.639893,3440.669922,762.710022,775.039978,346.440002,347.019989,5541.529785,5584.819824,8652.30957,8494.839844,150.25,150.570007,1261.030029,1287.699951,340.190002,342.929993,675.22998,668.919983,0.45,0.64,1.05,0.06,0.4,1.01,1.0,0.84,1.01,-0.45,-0.04,1.84,1.32,1.62,1.25,0.17,2.41,0.78,0.77,-1.82,0.39,0.21,2.42,2.11,1.72,0.81,0.48,-0.93,-1.24
153,2018-01-04,304051,63988,0.10463333333333331,0.06766666666666667,0.8233333333333333,0.109,2719.3101,2723.99,24964.8594,25075.1309,7089.5,7077.9102,4016.300049,4011.02002,3498.709961,3456.189941,787.72998,780.1900019999998,356.309998,353.540009,5648.6401369999985,5632.669922,8543.549805,8600.05957,154.729996,157.03999299999995,1315.27002,1317.23999,345.589996,344.019989,659.3900150000002,654.630005,0.17,0.7,0.87,0.44,0.88,0.83,-0.16,0.83,1.12,-0.13,0.64,-1.22,-0.06,-0.96,0.24,-0.78,0.77,-0.28,0.88,0.66,0.54,1.49,0.04,0.15,0.64,-0.45,1.25,-0.72,0.01
157,2018-01-08,207535,50248,-0.10659999999999997,0.22949999999999998,0.642,0.1285,2742.6699,2747.71,25308.4004,25283.0,7135.3799,7157.3901,4030.370117,4028.840088,3451.629883,3406.080078,781.98999,775.97998,356.720001,357.980011,5685.379883,5711.910156,8626.629883,8612.530273,157.160004,160.100006,1323.449951,1335.540039,347.709991,351.350006,655.52002,660.969971,0.18,0.13,0.02,-0.1,0.41,0.34,0.31,0.09,-0.05,-0.04,1.09,-1.32,2.01,-0.77,1.7,0.35,-0.03,0.47,-0.05,-0.16,-0.0,1.87,-0.57,0.91,-0.97,1.05,-0.48,0.83,-1.02
158,2018-01-09,0,11103,0.2732,0.106,0.709,0.184,2751.1499,2751.29,25312.0508,25385.8008,7174.1899,7163.5801,4040.449951,4072.570068,3423.929932,3474.399902,779.51001,789.179993,358.519989,357.890015,5727.560059,5709.22998,8626.599609,8612.490234,160.300003,159.179993,1335.069946,1322.569946,351.7799990000001,349.679993,660.200012,654.25,0.01,-0.11,0.59,0.29,-0.07,0.74,-0.15,-0.14,0.67,0.79,1.21,1.47,0.44,1.24,0.45,-0.18,-1.19,-0.32,-0.11,-0.16,1.04,-0.7,0.13,-0.94,-1.24,-0.6,-0.31,-0.9,-1.07
159,2018-01-10,87305,21914,0.5983,0.066,0.743,0.192,2745.55,2748.23,25348.1309,25369.1309,7129.8301,7153.5698,4077.050049,4121.8901369999985,3464.659912,3489.560059000001,788.799988,792.700012,356.5299990000001,353.630005,5684.3598630000015,5703.120117,8643.44043,8702.240234,159.600006,159.389999,1306.829956,1306.219971,349.0299990000001,348.589996,651.02002,647.26001,0.1,0.7,1.38,0.08,0.81,1.71,0.33,0.81,1.5,1.1,1.66,0.72,0.29,0.49,0.4,-0.81,1.87,0.33,1.34,0.68,1.0,-0.13,2.38,-0.05,0.62,-0.13,0.6,-0.58,-0.37
160,2018-01-11,154844,34675,0.2849,0.0665,0.7749999999999999,0.159,2752.97,2767.5601,25398.5996,25574.7305,7168.73,7211.7798,4137.830078,4190.180176,3494.100098,3499.790039,793.460022,795.8599849999998,355.76001,360.26001,5716.27002,5779.470215,8728.509766,8789.290039,159.660004,163.190002,1309.349976,1314.339966,348.75,350.690002,647.4400019999998,644.849976,0.53,0.67,0.32,0.69,0.89,0.85,0.6,0.68,0.17,1.27,0.56,0.16,0.66,0.3,0.65,1.26,-0.18,1.11,0.86,0.7,0.7,2.21,0.6,0.38,0.59,0.56,1.41,-0.4,-0.66
161,2018-01-12,71361,18355,0.4927,0.086,0.742,0.172,2770.1799,2786.24,25638.3906,25803.1895,7208.1699,7261.0601,4203.47998,4213.470215,3506.51001,3522.909912,797.070007,801.0,360.73999,359.609985,5789.959961,5829.02002,8800.530273,8850.839844,162.970001,164.169998,1315.030029,1322.099976,351.140015,355.619995,643.049988,640.580017,0.58,-0.35,0.59,0.64,-0.04,1.21,0.73,-0.51,0.51,0.24,-0.73,0.47,-1.32,0.49,-0.81,-0.31,-1.25,0.67,-0.4,0.57,-0.96,0.74,-2.13,0.54,0.29,1.28,-0.89,-0.38,-0.24
164,2018-01-16,110270,51044,-0.12935000000000002,0.196,0.6715,0.1325,2798.96,2776.4199,25987.6191,25792.8594,7307.1899,7223.6899,4232.279785,4182.560059,3538.709961,3476.330078,804.880005,794.530029,360.920013,355.130005,5862.1098630000015,5805.77002,8853.790039,8765.469727,164.28999299999995,160.679993,1334.530029,1325.969971,356.350006,352.470001,642.130005,639.070007,-0.81,0.94,0.78,-0.75,1.25,0.87,-1.14,1.03,1.0,-1.17,0.59,-1.76,0.84,-1.29,0.79,-1.6,1.78,-0.96,0.62,-1.0,1.11,-2.2,0.5,-0.64,2.89,-1.09,1.19,-0.48,0.72
165,2018-01-17,96584,23745,0.765,0.0,0.732,0.268,2784.99,2802.5601,25910.7793,26115.6504,7257.77,7298.2798,4199.660156,4207.049805,3503.040039,3505.570068,799.27002,800.77002,356.970001,361.450012,5833.689941,5841.850098,8808.799805,8863.129883,160.899994,161.479996,1338.069946,1364.290039,354.190002,356.649994,640.710022,643.6400150000002,0.63,-0.16,0.28,0.79,-0.37,-0.17,0.56,-0.03,0.52,0.18,-0.72,0.07,-0.14,0.19,-0.18,1.26,-0.24,0.14,-0.08,0.62,-0.52,0.36,-1.82,1.96,0.46,0.69,-0.17,0.46,-0.64
169,2018-01-25,149034,27207,0.6249,0.0,0.843,0.157,2846.24,2839.25,26313.0605,26392.7891,7457.9502,7411.1602,4233.169922,4197.899902,3681.159912,3670.540039,831.409973,830.1099849999998,365.899994,362.01001,6013.25,6004.02002,9002.740234,9009.459961,164.720001,162.100006,1376.23999,1337.619995,364.23999,360.410004,640.460022,650.820007,-0.25,1.18,0.5,0.3,0.85,0.18,-0.63,1.28,0.75,-0.83,0.01,-0.29,1.21,-0.16,1.29,-1.06,-0.01,-0.15,0.96,0.07,0.69,-1.59,0.46,-2.81,3.26,-1.05,1.26,1.62,0.14
172,2018-02-02,105462,26476,0.6124,0.087,0.669,0.244,2808.9199,2762.1299,26061.7891,25520.9609,7347.5898,7240.9502,4193.370117,4167.3901369999985,3559.929932,3528.860107,807.469971,801.25,344.559998,336.350006,6006.649902,5914.180176,8837.599609,8724.80957,155.550003,150.690002,1341.27002,1317.97998,357.940002,353.25,639.570007,637.409973,-1.67,-4.1,-2.43,-2.08,-4.6,-2.38,-1.45,-3.78,-1.73,-0.62,-3.97,-0.87,-4.39,-0.77,-4.26,-2.38,-3.49,-1.54,-3.32,-1.28,-3.57,-3.12,-4.27,-1.74,-4.72,-1.31,-4.5,-0.34,-1.61
174,2018-02-05,103471,22030,0.1779,0.084,0.805,0.111,2741.0601,2648.9399,25337.8691,24345.75,7165.96,6967.5298,4122.6098630000015,4001.919922,3508.530029,3373.790039,796.469971,767.119995,333.149994,324.600006,5858.629883,5717.97998,8665.05957,8413.469727,148.78999299999995,144.259995,1303.050049,1255.810059,351.209991,337.350006,637.789978,627.169983,-3.36,1.74,1.24,-3.92,2.33,2.25,-2.77,2.13,1.21,-2.93,0.81,-3.84,1.99,-3.69,1.68,-2.57,1.94,-2.4,1.59,-2.9,-0.01,-3.04,1.68,-3.63,3.65,-3.95,2.44,-1.67,-1.65
175,2018-02-07,110010,21173,0.7003,0.0,0.784,0.216,2690.95,2681.6599,24892.8691,24893.3496,7086.2002,7051.98,4023.090088,4060.939941,3426.389893,3442.1201170000004,776.320007,779.330017,329.859985,330.98999,5794.27002,5778.319824,8386.05957,8425.679688,146.410004,142.389999,1287.890015,1272.5,345.0,346.850006,614.72998,613.150024,-0.35,-3.75,-2.32,0.0,-4.15,-2.82,-0.48,-3.9,-2.52,0.94,-2.95,0.46,-4.21,0.39,-3.9,0.34,-3.72,-0.28,-3.8,0.47,-3.26,-2.75,-4.02,-1.19,-4.23,0.54,-3.97,-0.26,-1.15
178,2018-02-16,95629,21288,-0.2819,0.211,0.674,0.115,2727.1399,2732.22,25165.9395,25219.3809,7236.5098,7239.4702,4128.680176,4176.959961,3477.530029,3470.149902,788.5599980000002,788.4400019999998,334.2799990000001,334.339996,5856.839844,5854.830078,8511.480469,8597.089844,135.929993,136.850006,1318.160034,1318.319946,364.230011,366.26001,631.969971,636.400024,0.19,-0.58,-1.13,0.21,-1.01,-1.67,0.04,-0.07,-0.29,1.17,-1.04,-0.21,-1.05,-0.02,-0.75,0.02,-1.2,-0.03,-0.31,1.01,-0.97,0.68,-0.58,0.01,1.76,0.56,-0.76,0.7,-1.21
180,2018-02-20,272903,58361,0.385,0.05933333333333333,0.7603333333333334,0.18033333333333335,2722.99,2716.26,25124.9102,24964.75,7209.0298,7234.3101,4159.839844,4133.450195,3454.179932,3433.840088000001,785.6099849999998,782.52002,333.649994,330.339996,5835.430176,5836.810059,8557.55957,8514.110352,137.429993,136.059998,1314.01001,1341.530029,362.570007,363.480011,634.150024,628.719971,-0.25,-0.55,-0.45,-0.64,-0.67,-0.01,0.35,-0.22,-0.33,-0.63,0.98,-0.59,-0.15,-0.39,-0.13,-0.99,-0.71,0.02,-0.11,-0.51,0.0,-1.0,-1.0,2.09,-1.21,0.25,-1.34,-0.86,-1.23
181,2018-02-23,115059,24192,0.53715,0.0,0.7895,0.2105,2715.8,2747.3,25050.5098,25309.9902,7261.3501,7337.3901,4125.97998,4162.799805,3437.25,3482.129883,783.51001,792.6099849999998,328.290009,329.359985,5868.97998,5916.720215,8439.519531,8491.299805,138.229996,141.21000700000005,1336.719971,1351.089966,357.48999,362.299988,624.369995,640.280029,1.16,1.18,-0.11,1.04,1.58,0.4,1.05,1.15,-0.1,0.89,0.47,1.31,0.73,1.16,0.73,0.33,0.51,0.81,0.81,0.61,0.97,2.16,-0.08,1.08,2.16,1.35,2.28,2.55,-0.34
183,2018-02-27,106484,24985,0.8441000000000001,0.0405,0.5525,0.40700000000000003,2780.45,2744.28,25735.7793,25410.0293,7416.1699,7330.3501,4179.1098630000015,4124.529785,3502.439941,3461.100098,797.539978,789.23999,331.859985,324.220001,5950.549805,5869.819824,8568.660156,8551.669922,141.320007,138.979996,1379.01001,1374.719971,371.410004,366.890015,638.590027,626.780029,-1.3,-1.11,-2.43,-1.27,-1.5,-3.15,-1.16,-0.78,-2.04,-1.31,-1.56,-1.18,-1.82,-1.04,-1.77,-2.3,-1.71,-1.36,-0.38,-0.2,-1.51,-1.66,-3.57,-0.31,-0.92,-1.22,-0.49,-1.85,-0.55
188,2018-03-06,51929,12575,0.4003,0.0,0.748,0.252,2730.1799,2728.1201,24965.8906,24884.1191,7366.6099,7372.0098,4194.490234000001,4231.870117,3494.320068,3493.689941,792.3900150000002,793.8599849999998,319.309998,321.869995,5918.100098,5930.580078,8498.139648,8513.339844,138.71000700000002,137.649994,1386.290039,1396.469971,369.209991,367.290009,631.799988,624.599976,-0.08,-0.05,0.4,-0.33,-0.33,0.04,0.07,0.33,0.76,0.89,0.63,-0.02,0.71,0.19,0.6,0.8,0.11,0.21,-0.15,0.18,0.17,-0.76,-1.1,0.73,0.29,-0.52,0.26,-1.14,-0.8
190,2018-03-08,91219,18559,0.3818,0.0,0.894,0.106,2732.75,2738.97,24853.4102,24895.2109,7422.77,7427.9502,4265.779785,4224.200195,3528.879883,3540.280029,805.0,804.77002,323.170013,322.109985,5938.399902,5944.740234000001,8536.330078,8508.75,136.410004,136.570007,1408.150024,1402.050049,369.160004,369.269989,620.22998,623.900024,0.23,1.74,1.61,0.17,1.77,1.14,0.07,1.79,2.16,-0.97,1.75,0.32,1.59,-0.03,1.56,-0.33,1.58,0.11,1.53,-0.32,1.96,0.12,2.22,-0.43,2.08,0.03,1.61,0.59,0.37
191,2018-03-09,371922,91318,0.25334999999999996,0.04325,0.828,0.12875,2752.9099,2786.5701,25004.8906,25335.7402,7475.98,7560.8101,4254.290039,4298.029785,3563.969971,3596.540039,809.880005,817.330017,324.040009,327.209991,5980.939941,6035.410156,8534.269531,8675.209961,137.910004,139.600006,1411.359985,1431.160034,370.869995,375.220001,623.909973,626.219971,1.22,-0.13,-0.76,1.32,-0.62,-1.3,1.13,0.36,-0.66,1.03,-0.03,0.91,0.26,0.92,0.15,0.98,0.04,0.91,0.42,1.65,-0.79,1.23,0.25,1.4,1.03,1.17,0.25,0.37,0.36
194,2018-03-14,204317,42278,0.11046666666666667,0.08966666666666667,0.7946666666666666,0.11533333333333333,2774.0601,2749.48,25086.9707,24758.1191,7539.7798,7496.8101,4288.1401369999985,4224.700195,3600.0200200000004,3576.560059000001,817.8099980000002,812.840027,330.329987,325.369995,6033.540039,5994.870117,8612.469727,8500.5,138.860001,138.360001,1429.910034,1423.5,375.929993,374.01001,632.150024,635.950012,-0.89,-0.08,0.09,-1.31,0.47,0.76,-0.57,-0.2,-0.2,-1.48,0.47,-0.65,-1.02,-0.61,-0.89,-1.5,-0.82,-0.64,-0.41,-1.3,0.12,-0.36,-2.55,-0.45,-0.1,-0.51,-0.14,0.6,-0.16
196,2018-03-22,66707,15324,-0.4404,0.228,0.664,0.108,2691.3601,2643.6899,24526.0098,23957.8906,7257.5498,7166.6802,4195.77002,4106.77002,3441.810059000001,3395.570068,782.119995,772.0,323.619995,320.73999,5844.819824,5772.819824,8477.089844,8338.679688,139.529999,137.0,1386.069946,1368.97998,362.799988,358.230011,632.3099980000002,635.169983,-1.77,-2.1,0.56,-2.32,-1.77,1.02,-1.25,-2.43,0.75,-2.12,-3.36,-1.34,-2.52,-1.29,-2.4,-0.89,-1.42,-1.23,-2.0,-1.63,-2.35,-1.81,-0.16,-1.23,-3.29,-1.26,-1.59,0.45,-1.43
197,2018-03-23,152564,32614,-0.25564999999999993,0.2625,0.6165,0.121,2646.71,2588.26,23995.1797,23533.1992,7170.6802,6992.6699,4118.089844,3968.76001,3396.639893,3309.850098,772.900024,753.450012,322.119995,316.170013,5781.629883,5657.379883,8360.25,8142.410156,137.800003,136.779999,1365.819946,1323.920044,362.019989,352.549988,636.48999,626.1099849999998,-2.21,2.72,0.94,-1.93,2.84,1.38,-2.48,3.26,0.23,-3.63,2.98,-2.56,2.7,-2.52,2.61,-1.85,1.87,-2.15,2.67,-2.61,1.94,-0.74,0.91,-3.07,4.24,-2.62,2.87,-1.63,1.05
199,2018-03-26,96872,19195,0.4927,0.0,0.868,0.132,2619.3501,2658.55,23825.7402,24202.5996,7125.2002,7220.54,4031.199951,4086.879883,3367.590088000001,3399.060059000001,765.869995,773.099976,319.369995,322.070007,5751.589844,5808.25,8229.910156,8300.299805,138.46000700000002,138.029999,1354.300049,1380.099976,358.26001,362.660004,628.0,632.659973,1.5,-1.73,-2.01,1.58,-1.43,-1.46,1.34,-2.93,-3.76,1.38,-1.87,0.93,-2.78,0.94,-2.54,0.85,-0.79,0.99,-2.39,0.86,-0.95,-0.31,-2.04,1.91,-3.78,1.23,-2.61,0.74,1.49
200,2018-03-27,102984,50749,0.32194999999999996,0.04,0.8520000000000001,0.10800000000000001,2667.5701,2612.6201,24276.6191,23857.7109,7255.4702,7008.8101,4097.629883,4010.560059,3414.090088000001,3304.659912,776.179993,753.5,322.940002,319.540009,5838.259765999999,5669.470215,8310.44043,8221.089844,138.339996,135.220001,1390.109985,1327.939941,365.119995,353.190002,633.3900150000002,642.0599980000002,-2.06,-0.29,1.08,-1.73,-0.04,1.03,-3.4,-0.85,0.78,-2.12,0.81,-3.21,0.82,-2.92,0.32,-1.05,-0.88,-2.89,-1.37,-1.08,1.02,-2.26,-2.12,-4.47,-2.12,-3.27,-1.61,1.37,-0.14
201,2018-03-28,268114,61227,0.5676,0.0,0.8073333333333333,0.19266666666666665,2611.3,2605.0,23883.0801,23848.4199,6978.2998,6949.23,4013.800049,4042.850098,3323.5,3331.909912,756.400024,755.8900150000002,319.929993,316.73999,5619.430176,5591.950195,8222.719727,8304.75,135.029999,132.350006,1319.790039,1299.819946,353.209991,347.5,643.580017,641.1900019999998,-0.24,1.38,-0.89,-0.15,1.07,-0.86,-0.42,1.64,-1.14,0.72,0.31,0.25,0.67,-0.07,0.78,-1.0,0.77,-0.49,1.39,1.0,0.55,-1.98,2.52,-1.51,2.24,-1.62,2.15,-0.37,0.49
204,2018-04-04,141794,36252,-0.0536,0.229,0.579,0.192,2584.04,2644.6899,23654.1504,24264.3008,6811.77,7042.1099,3981.790039,4080.209961,3190.23999,3327.909912,731.549988,759.090027,312.880005,324.51001,5462.819824,5636.660156,8194.990234,8328.240234,133.520004,134.809998,1266.060059,1319.01001,338.359985,345.940002,640.450012,643.0599980000002,2.35,0.69,-1.52,2.58,0.99,-1.37,3.38,0.49,-1.8,2.47,0.57,4.32,-1.58,3.76,-0.99,3.72,1.02,3.18,1.33,1.63,0.2,0.97,3.41,4.18,-1.04,2.24,1.02,0.41,0.81
205,2018-04-05,69305,15161,0.1779,0.091,0.788,0.12,2657.3601,2662.8401,24313.9102,24505.2207,7099.25,7076.5498,4105.680176,4103.310059,3346.840088,3275.25,763.409973,751.570007,325.600006,327.809998,5688.419922,5711.709961,8364.219727,8345.089844,135.360001,139.410004,1325.630005,1305.23999,348.130005,349.459991,643.210022,648.25,0.21,-2.19,-1.87,0.79,-2.34,-2.15,-0.32,-2.28,-1.78,-0.06,-2.3,-2.14,-3.02,-1.55,-2.68,0.68,-1.99,0.41,-2.17,-0.23,-1.72,2.99,-2.14,-1.54,-3.06,0.38,-1.93,0.78,-0.73
206,2018-04-06,270930,107880,0.216375,0.0555,0.82125,0.12325,2645.8201,2604.47,24373.5996,23932.7598,6999.5698,6915.1099,4070.709961,4009.060059,3225.98999,3176.47998,742.76001,731.419983,325.950012,321.2799990000001,5656.060059,5587.700195,8284.459961,8201.790039,138.320007,136.429993,1285.189941,1265.25,346.26001,342.700012,648.289978,643.539978,-1.56,0.33,2.01,-1.81,0.19,1.99,-1.21,0.51,2.59,-1.51,-0.17,-1.53,1.78,-1.53,1.34,-1.43,-1.1,-1.21,0.12,-1.0,-0.66,-1.37,-0.09,-1.55,0.68,-1.03,0.46,-0.73,0.1
210,2018-04-10,105018,21982,0.8122,0.0,0.684,0.316,2638.4099,2656.8701,24198.9492,24408.0,7060.9902,7094.2998,4052.850098,4070.27002,3276.97998,3326.179932,750.52002,760.780029,320.869995,319.5299990000001,5674.160156,5674.1098630000015,8210.299805,8233.959961,138.110001,143.679993,1305.910034,1314.540039,351.790009,355.109985,644.799988,639.570007,0.7,-0.55,0.27,0.86,-0.9,0.31,0.47,-0.36,0.65,0.43,-0.48,1.5,-0.39,1.37,-0.35,-0.42,-0.74,-0.0,-0.31,0.29,-0.09,4.03,3.23,0.66,0.04,0.94,-0.02,-0.81,-0.18
212,2018-04-13,217265,47454,0.05275000000000002,0.113,0.759,0.128,2676.8999,2656.3,24582.8203,24360.1406,7179.6201,7106.6499,4143.819824,4062.379883,3371.719971,3330.139893,770.179993,762.400024,318.149994,315.589996,5712.660156,5667.180176,8337.230469,8273.599609,150.169998,151.100006,1355.0,1329.400024,362.01001,357.549988,632.48999,634.77002,-0.77,0.81,1.89,-0.91,0.87,1.75,-1.02,0.7,2.45,-1.97,0.66,-1.23,-0.62,-1.01,-0.18,-0.8,0.86,-0.8,0.9,-0.76,1.27,0.62,-0.46,-1.89,0.23,-1.23,0.4,0.36,1.39
213,2018-04-16,96554,21074,0.4819,0.089,0.68,0.231,2670.1001,2677.8401,24483.1504,24573.0391,7153.8701,7156.2798,4084.929932,4089.0,3359.790039,3309.540039,768.299988,761.0,317.2799990000001,318.299988,5703.310059,5717.919922,8266.730469,8378.580078,150.830002,150.399994,1336.619995,1332.52002,359.429993,358.98999,638.289978,643.599976,0.29,1.07,1.15,0.37,0.87,0.71,0.03,1.74,1.94,0.1,-0.82,-1.5,1.94,-0.95,1.82,0.32,1.34,0.26,1.8,1.35,-0.16,-0.29,0.08,-0.31,1.89,-0.12,2.16,0.83,1.09
214,2018-04-17,270822,99635,0.31271818181818184,0.04418181818181818,0.7861818181818182,0.16954545454545455,2692.74,2706.3899,24681.7891,24786.6309,7215.1201,7281.1001,4111.970215,4055.540039,3334.590088,3373.629883,766.419983,774.840027,320.170013,322.559998,5771.490234000001,5820.879883,8413.75,8365.509766,150.600006,150.520004,1342.609985,1357.719971,362.480011,366.75,644.3599849999998,650.6099849999998,0.51,0.08,-0.49,0.42,-0.16,-0.49,0.91,0.19,-0.59,-1.37,-0.41,1.17,0.05,1.1,0.56,0.75,-0.28,0.86,0.6,-0.57,0.11,-0.05,2.86,1.13,-1.03,1.18,0.13,0.97,-0.36
216,2018-04-19,0,8364,0.7269,0.0,0.679,0.321,2701.1599,2693.1299,24711.3008,24664.8906,7258.6099,7238.0601,4040.939941,4096.5,3362.72998,3328.320068,775.789978,768.1099849999998,321.01001,313.089996,5852.240234000001,5845.240234000001,8345.320313,8400.150391,155.160004,155.190002,1313.829956,1285.880005,366.429993,366.790009,647.169983,648.02002,-0.3,-0.85,-0.85,-0.19,-0.82,-0.88,-0.28,-1.27,-1.51,1.37,0.37,-1.02,-0.84,-0.99,-0.73,-2.47,-1.17,-0.12,-1.35,0.66,-0.13,0.02,-0.65,-2.13,-1.17,0.1,-0.59,0.13,-0.93
221,2018-04-27,230536,49471,0.15535000000000004,0.1325,0.644,0.2235,2675.47,2669.9099,24342.1406,24311.1895,7195.52,7119.7998,4195.509765999999,4204.200195,3313.780029,3321.25,766.789978,768.76001,306.209991,307.679993,5811.02002,5737.939941,8351.530273,8342.280273,156.78999299999995,156.559998,1284.359985,1258.109985,366.98999,366.109985,651.5,659.27002,-0.21,-0.82,-0.57,-0.13,-0.61,-0.87,-1.05,-0.75,0.15,0.21,-1.49,0.23,-2.0,0.26,-1.79,0.48,-1.7,-1.26,-0.43,-0.11,-1.29,-0.15,-0.47,-2.04,-1.09,-0.24,-1.49,1.19,-0.28
225,2018-05-03,77915,15670,0.7345,0.0,0.754,0.246,2628.0801,2629.73,23836.2305,23930.1504,7065.0298,7088.1499,4142.399902,4118.850098,3218.330078,3182.219971,747.26001,742.030029,304.079987,308.179993,5667.399902,5680.97998,8052.759765999999,8035.569823999998,154.949997,153.75,1248.949951,1267.439941,354.959991,356.51001,653.280029,653.210022,0.06,1.28,1.63,0.39,1.39,1.79,0.33,1.71,2.5,-0.57,1.18,-1.12,1.15,-0.7,1.22,1.35,0.84,0.24,1.49,-0.21,1.28,-0.77,1.4,1.48,2.31,0.44,1.56,-0.01,0.37
226,2018-05-04,246964,53013,-0.2275,0.35050000000000003,0.5205,0.129,2621.45,2663.4199,23865.2207,24262.5098,7065.6699,7209.6201,4097.620117,4167.339844,3181.929932,3218.909912,741.669983,751.0599980000002,307.290009,310.769989,5660.160156,5765.689941,8008.220215,8138.330078,153.380005,155.910004,1257.060059,1296.72998,354.640015,362.079987,653.320007,655.630005,1.6,0.35,0.32,1.66,0.39,0.4,2.04,0.77,0.79,1.7,0.35,1.16,0.59,1.27,0.43,1.13,0.44,1.86,0.75,1.62,0.54,1.65,0.53,3.16,0.91,2.1,0.69,0.35,-0.53
228,2018-05-08,175822,58042,0.26330000000000003,0.048999999999999995,0.8206666666666665,0.13033333333333333,2670.26,2671.9199,24341.3496,24360.2109,7255.3398,7266.8999,4179.040039,4216.259765999999,3232.6201170000004,3218.77002,752.97998,749.9400019999998,311.980011,313.790009,5792.009765999999,5785.850098,8181.009765999999,8228.549805,156.690002,159.020004,1308.359985,1318.02002,365.149994,363.769989,649.469971,636.349976,0.06,0.97,1.91,0.08,0.75,1.56,0.16,1.0,1.9,0.89,0.87,-0.43,1.42,-0.4,1.09,0.58,-0.99,-0.11,0.57,0.58,0.01,1.49,2.23,0.74,1.42,-0.38,0.48,-2.02,-0.79
236,2018-05-18,102413,24939,-0.1027,0.224,0.61,0.167,2717.3501,2712.97,24707.7207,24715.0898,7364.3398,7354.3398,4316.97998,4280.700195,3383.939941,3386.429932,785.8599849999998,786.9400019999998,306.890015,310.040009,5837.680176,5828.669922,8290.860352,8278.0,169.330002,168.880005,1349.589966,1345.199951,353.329987,352.769989,622.950012,621.590027,-0.16,0.42,0.75,0.03,0.48,0.69,-0.14,0.33,0.97,-0.84,1.13,0.07,-0.92,0.14,-0.59,1.03,-1.38,-0.15,0.13,-0.16,1.13,-0.27,-1.15,-0.33,1.62,-0.16,0.82,-0.22,1.06
238,2018-05-23,145406,30462,0.2997,0.0485,0.8320000000000001,0.1195,2713.98,2733.29,24757.7109,24886.8105,7335.0298,7425.96,4314.620117,4308.930176,3337.320068,3372.070068,778.25,786.23999,304.7799990000001,308.089996,5806.75,5871.990234000001,8341.639648,8358.80957,165.389999,165.699997,1352.76001,1373.949951,353.079987,355.170013,629.289978,633.8599849999998,0.71,-0.2,-0.44,0.52,-0.3,-0.54,1.24,-0.02,0.11,-0.13,-0.19,1.04,0.0,1.03,-0.03,1.09,-0.3,1.12,0.05,0.21,-0.37,0.19,-1.61,1.57,0.35,0.59,-0.3,0.73,0.71
239,2018-05-24,119306,29616,-0.05930000000000002,0.2505,0.6154999999999999,0.134,2730.9399,2727.76,24877.3594,24811.7598,7421.9902,7424.4302,4300.470215,4300.6401369999985,3375.169922,3372.100098,786.780029,786.02002,308.149994,307.170013,5866.1401369999985,5874.779785,8339.169922,8328.099609,163.160004,163.03999299999995,1373.630005,1378.719971,355.070007,354.109985,633.299988,638.330017,-0.12,-0.24,-1.39,-0.26,-0.24,-1.81,0.03,0.13,-0.37,0.0,-0.26,-0.09,0.22,-0.1,0.16,-0.32,1.08,0.15,0.13,-0.13,-0.34,-0.07,-4.28,0.37,0.88,-0.27,-0.42,0.79,0.47
240,2018-05-25,183600,46369,-0.19905,0.1635,0.7215,0.11499999999999999,2723.6001,2721.3301,24781.2891,24753.0898,7422.2002,7433.8501,4285.620117,4289.3598630000015,3373.330078,3379.419922,786.27002,787.25,307.450012,310.48999,5871.200195,5882.509765999999,8310.429688,8299.719727,160.509995,156.070007,1379.0,1390.839966,354.160004,352.619995,639.200012,641.340027,-0.08,-1.16,0.1,-0.11,-1.58,-0.34,0.16,-0.5,0.38,0.09,-1.93,0.18,-0.48,0.12,-0.35,0.99,0.04,0.19,-0.3,-0.13,-2.43,-2.77,-0.24,0.86,-0.71,-0.43,-0.56,0.33,0.05
244,2018-05-30,159018,41870,0.0516,0.272,0.5,0.228,2702.4299,2724.01,24467.8301,24667.7793,7428.4102,7462.4502,4237.529785,4276.97998,3377.51001,3410.350098,787.73999,794.950012,311.980011,310.190002,5890.259765999999,5919.720215,8139.689941,8239.070313,156.850006,159.75,1388.390015,1389.910034,351.839996,350.679993,639.919983,646.340027,0.8,-0.69,0.39,0.82,-1.02,-0.13,0.46,-0.27,1.23,0.93,-0.77,0.97,-0.09,0.92,-0.04,-0.57,-1.07,0.5,-0.71,1.22,-0.91,1.85,-2.87,0.11,-0.78,-0.33,-0.51,1.0,0.14
245,2018-05-31,98043,31566,0.37070000000000003,0.0,0.5900000000000001,0.41,2720.98,2705.27,24620.7891,24415.8398,7455.5801,7442.1201,4270.990234000001,4244.180176,3411.280029,3407.379883,796.0599980000002,794.6400150000002,310.630005,306.880005,5913.529785,5877.439941,8216.790039,8164.339844,156.75,155.160004,1383.76001,1379.0,350.320007,348.899994,644.710022,647.27002,-0.58,1.08,1.54,-0.83,0.9,1.63,-0.18,1.51,2.21,-0.63,1.07,-0.11,1.29,-0.18,1.41,-1.21,0.55,-0.61,0.89,-0.64,0.98,-1.01,0.09,-0.34,2.34,-0.41,1.95,0.4,-1.47
249,2018-06-07,318169,75583,0.13794,0.0804,0.7916000000000001,0.12799999999999997,2774.8401,2770.3701,25192.1406,25241.4102,7697.4102,7635.0698,4403.72998,4391.77002,3480.649902,3446.2700200000004,816.960022,809.01001,312.420013,313.459991,6078.6401369999985,6051.870117,8389.639648,8389.139648,157.839996,159.71000700000005,1438.660034,1424.339966,360.140015,356.329987,614.9400019999998,618.5599980000002,-0.16,0.31,0.42,0.2,0.3,0.32,-0.81,0.14,0.33,-0.27,0.21,-0.99,0.51,-0.97,0.55,0.33,1.84,-0.44,0.3,-0.01,1.05,1.18,-1.39,-1.0,-0.85,-1.06,-0.32,0.59,-0.03
252,2018-06-11,541473,125850,0.026275000000000007,0.096,0.784,0.12,2780.1799,2782.0,25336.6699,25322.3105,7647.2402,7659.9302,4409.470215,4351.490234000001,3465.830078,3455.780029,813.799988,814.580017,319.179993,317.829987,6075.52002,6096.3901369999985,8493.730469,8467.849609,157.119995,156.669998,1409.900024,1408.98999,355.790009,356.920013,617.039978,611.8900150000002,0.07,0.17,-0.23,-0.06,-0.01,-0.48,0.17,0.57,0.47,-1.31,-0.73,-0.29,0.85,0.1,0.81,-0.42,0.94,0.34,0.81,-0.3,-0.72,-0.29,-1.05,-0.06,0.52,0.32,0.59,-0.83,1.3
253,2018-06-12,331689,78036,0.40707499999999996,0.0675,0.6759999999999999,0.25649999999999995,2785.6001,2786.8501,25346.8203,25320.7305,7673.8701,7703.79,4359.939941,4319.819824,3460.629883,3485.209961,815.630005,821.159973,318.820007,320.820007,6113.200195,6145.720215,8473.400391,8407.219727,156.639999,155.029999,1412.420044,1416.369995,357.0,359.0299990000001,611.919983,619.830017,0.04,-0.4,-0.16,-0.1,-0.47,-0.57,0.39,-0.11,0.74,-0.92,-0.19,0.71,-0.37,0.68,-0.04,0.63,-2.93,0.53,0.21,-0.78,-0.19,-1.03,-0.46,0.28,-0.13,0.57,0.22,1.29,-0.16
254,2018-06-13,536446,113102,-0.07321999999999998,0.1376,0.7582,0.1042,2787.9399,2775.6299,25328.6504,25201.1992,7713.8999,7695.7002,4323.689941,4311.799805,3491.129883,3472.23999,823.320007,820.8099980000002,320.089996,311.429993,6156.850098,6158.600098,8405.169922,8391.049805,154.330002,154.309998,1416.709961,1414.47998,360.48999,359.809998,620.48999,618.8599849999998,-0.44,0.25,0.15,-0.5,-0.1,-0.44,-0.24,0.85,0.66,-0.27,-0.38,-0.54,0.8,-0.3,0.78,-2.71,0.45,0.03,1.16,-0.17,-0.5,-0.01,-0.08,-0.16,0.61,-0.19,1.3,-0.26,1.27
255,2018-06-15,99176,21602,0.836,0.0,0.717,0.283,2777.78,2779.6599,25116.7109,25090.4805,7725.0298,7746.3799,4279.379883,4289.049805,3488.76001,3494.360107,824.4400019999998,826.27002,312.390015,311.98999,6204.330078,6243.069824,8274.660156,8337.839844,153.53999299999995,150.279999,1414.869995,1422.040039,361.26001,362.410004,626.849976,631.52002,0.07,-0.21,-0.61,-0.1,-0.41,-1.56,0.28,0.01,-0.27,0.23,0.14,0.16,-0.75,0.22,-0.56,-0.13,-0.8,0.62,-0.11,0.76,0.17,-2.12,0.7,0.51,-0.99,0.32,-0.05,0.75,0.34
257,2018-06-20,0,16431,0.743,0.045,0.74,0.215,2769.73,2767.3201,24771.1699,24657.8008,7764.1499,7781.5098,4345.1098630000015,4344.97998,3536.590088000001,3577.429932,832.48999,838.530029,308.869995,309.079987,6276.669922,6285.649902,8393.120117,8327.049805,151.25,151.25,1400.560059,1398.599976,360.660004,359.690002,641.419983,640.97998,-0.09,-0.63,-0.45,-0.46,-0.8,-0.31,0.22,-0.88,-1.14,-0.0,-0.3,1.15,-1.18,0.73,-1.04,0.07,-1.54,0.14,-0.87,-0.79,-1.05,0.0,-2.31,-0.14,-1.26,-0.27,-1.23,-0.07,0.33
258,2018-06-21,157815,35152,0.6406,0.027,0.7363333333333334,0.23633333333333337,2769.28,2749.76,24639.2109,24461.6992,7800.2998,7712.9502,4342.8598630000015,4332.060059,3572.909912,3535.350098,838.450012,829.77002,309.01001,304.329987,6299.379883,6231.129883,8330.349609,8239.490234,150.020004,147.759995,1408.349976,1381.01001,358.970001,355.26001,640.590027,643.080017,-0.7,0.19,-1.19,-0.72,0.49,-0.85,-1.12,-0.26,-2.35,-0.25,-0.56,-1.05,-0.28,-1.04,-0.2,-1.51,-0.38,-1.08,-0.0,-1.09,0.62,-1.51,3.65,-1.94,-0.72,-1.03,0.17,0.39,0.73
259,2018-06-22,63820,13235,0.6696,0.0,0.621,0.379,2760.79,2754.8799,24526.9707,24580.8906,7739.6899,7692.8198,4352.629883,4307.8901369999985,3547.129883,3525.449951,832.76001,828.1400150000002,305.0,303.160004,6265.009765999999,6230.8901369999985,8278.650391,8290.759766,150.229996,153.149994,1388.719971,1371.0,356.920013,355.859985,644.380005,647.76001,-0.21,-1.37,-1.16,0.22,-1.33,-1.21,-0.61,-2.09,-1.71,-1.03,-0.95,-0.61,-1.83,-0.55,-1.72,-0.6,-1.58,-0.54,-1.99,0.15,-0.83,1.94,-2.94,-1.28,-3.13,-0.3,-1.84,0.52,1.62
262,2018-06-25,62755,28589,0.88725,0.0605,0.5375,0.402,2742.9399,2717.0701,24463.7305,24252.8008,7631.1201,7532.0098,4288.560059,4267.080078,3511.429932,3460.850098,824.1099849999998,813.900024,302.160004,298.369995,6191.27002,6106.759765999999,8266.009766,8221.790039,152.669998,148.639999,1347.52002,1328.040039,353.070007,349.320007,649.52002,658.25,-0.94,0.22,-0.64,-0.86,0.12,-0.56,-1.3,0.39,-1.15,-0.5,-0.39,-1.44,-0.33,-1.24,0.01,-1.25,0.88,-1.36,0.56,-0.53,-0.74,-2.64,1.53,-1.45,0.4,-1.06,0.55,1.34,0.01
263,2018-06-26,357123,78053,0.218475,0.05875,0.79475,0.1465,2722.1201,2723.0601,24281.8906,24283.1094,7553.7402,7561.6299,4268.649902,4250.370117,3471.139893,3449.5,815.919983,813.97998,300.059998,301.0,6125.25,6140.669922,8222.330078,8160.779785,148.649994,150.919998,1334.209961,1333.400024,349.890015,351.230011,656.380005,658.320007,0.03,-0.86,-0.25,0.01,-0.68,-0.28,0.1,-1.54,-0.77,-0.43,-2.07,-0.62,-2.12,-0.24,-1.98,0.31,-1.33,0.25,-1.37,-0.75,-2.06,1.53,2.91,-0.06,-2.47,0.38,-0.79,0.3,0.68
265,2018-06-29,84145,26844,0.51545,0.0775,0.7175,0.20500000000000002,2727.1299,2718.3701,24323.9297,24271.4102,7544.1299,7510.2998,4190.77002,4133.069824,3433.389893,3453.429932,808.27002,809.880005,300.149994,302.5299990000001,6133.669922,6109.169922,8087.700195,8046.700195,155.080002,154.869995,1321.890015,1313.699951,353.649994,353.329987,660.919983,662.119995,-0.32,0.0,0.0,-0.22,0.0,0.0,-0.45,0.0,0.0,-1.38,0.0,0.58,0.0,0.2,0.0,0.79,0.0,-0.4,0.0,-0.51,0.0,-0.14,0.0,-0.62,0.0,-0.09,0.0,0.18,0.0
