Date,Tweet,Keyword_x,Retweets,Likes,Positive,Negative,Neutral,Compound,S&P500 Open,S&P500 Close,DJ Open,DJ Close,NAS Open,NAS Close,Bank_Open,Bank_Close,Biotech_Open,Biotech_Close,Healthcare_Open,Healthcare_Close,Housing_Open,Housing_Close,Industrial_Open,Industrial_Close,Insurance_Open,Insurance_Close,Oil-Gas_Open,Oil-Gas_Close,Semiconductor_Open,Semiconductor_Close,Telecom_Open,Telecom_Close,Utility_Open,Utility_Close,S&P500 Same-Day Change,S&P500 1-Day Change,S&P500 2-Day Change,DJ Same-Day Change,DJ 1-Day Change,DJ 2-Day Change,NAS Same-Day Change,NAS 1-Day Change,NAS 2-Day Change,Banking Same-Day Change,Banking 1-Day Change,Biotech Same-Day Change,Biotech 1-Day Change,Healthcare Same-Day Change,Healthcare 1-Day Change,Housing Same-Day Change,Housing 1-Day Change,Industrial Same-Day Change,Industrial 1-Day Change,Insurance Same-Day Change,Insurance 1-Day Change,Oil Same-Day Change,Oil 1-Day Change,Semiconductor Same-Day Change,Semiconductor 1-Day Change,Telecom Same-Day Change,Telecom 1-Day Change,Utility Same-Day Change,Utility 1-Day Change
2017-06-05,the justice dept. should ask for an expedited hearing of the watered down travel ban before the supreme court - &amp; seek much tougher version!,['ban'],14070,62889,0.276,0.11,0.614,0.6588,2437.8301,2436.1001,21195.0293,21184.0391,6305.4702,6295.6802,3597.5200200000004,3583.23999,3106.800049,3076.580078,700.23999,694.929993,278.0,275.880005,5198.330078,5185.100098,8505.030273,8443.669922,137.440002,138.96000700000002,1102.47998,1106.219971,310.320007,308.910004,682.830017,680.4400019999998,-0.07,-0.28,-0.12,-0.05,-0.23,-0.05,-0.16,-0.33,0.03,-0.4,-0.67,-0.97,-0.43,-0.76,-0.52,-0.76,-0.21,-0.25,-0.59,-0.72,-1.23,1.11,0.85,0.34,0.35,-0.45,-0.52,-0.35,-0.15
2017-06-09,"it is time to rebuild our country, to bring back our jobs, to restore our dreams, &amp; yes, to put #americafirst! ty o‚Ä¶ https://t.co/2b2bxwxgka","['jobs', 'jobs', 'build']",20591,87610,0.344,0.0,0.656,0.8588,2436.3899,2431.77,21208.9609,21271.9707,6330.25,6207.9199,3708.949951,3804.179932,3085.810059,3076.149902,696.200012,694.6099849999998,276.02999900000003,276.829987,5168.75,5090.450195,8382.129883,8429.830078,133.529999,138.190002,1145.180054,1090.050049,307.160004,302.940002,674.450012,676.0599980000002,-0.19,-0.1,0.35,0.3,-0.17,0.27,-1.93,-0.52,0.2,2.57,-0.3,-0.31,-0.27,-0.23,-0.18,0.29,0.27,-1.51,-0.37,0.57,0.38,3.49,0.55,-4.81,-0.51,-1.37,-0.01,0.24,-0.24
2017-06-13,"heading to the great state of wisconsin to talk about jobs, jobs, jobs! big progress being made as the real news is reporting.","['jobs', 'jobs']",12339,64857,0.255,0.0,0.745,0.8016,2434.1499,2440.3501,21256.8301,21328.4707,6206.1201,6220.3701,3809.5,3801.790039,3066.659912,3082.189941,693.570007,696.5,278.059998,281.679993,5087.6098630000015,5110.669922,8465.519531,8493.709961,139.110001,141.529999,1095.849976,1091.349976,303.649994,305.299988,673.630005,675.400024,0.25,-0.1,-0.32,0.34,0.22,0.15,0.23,-0.41,-0.88,-0.2,-0.11,0.51,0.53,0.42,0.39,1.3,0.17,0.45,-0.45,0.33,0.23,1.74,-3.89,-0.41,-1.06,0.54,-0.55,0.26,0.64
2017-06-16,"despite the phony witch hunt going on in america, the economic &amp; jobs numbers are great. regulations way down, jobs and enthusiasm way up!","['jobs', 'jobs']",23341,106893,0.309,0.0,0.691,0.8556,2431.24,2433.1499,21335.9297,21384.2793,6154.2798,6151.7598,3762.449951,3763.169922,3069.320068,3061.199951,694.01001,693.799988,280.119995,280.630005,5061.5,5057.720215,8533.459961,8580.879883,133.589996,136.190002,1072.359985,1067.22998,303.309998,303.519989,683.650024,686.549988,0.08,0.83,0.16,0.23,0.68,0.39,-0.04,1.42,0.59,0.02,-0.02,-0.26,2.5,-0.03,2.22,0.18,0.99,-0.07,0.93,0.56,-0.36,1.95,-0.64,-0.48,1.94,0.07,1.0,0.42,-0.4
2017-06-19,"ralph norman, who is running for congress in sc's 5th district, will be a fantastic help to me in cutting taxes, and....",['tax'],12295,50574,0.244,0.058,0.698,0.7003,2442.55,2453.46,21444.75,21528.9902,6196.8501,6239.0098,3780.659912,3762.429932,3074.600098,3137.679932,696.9400019999998,709.1900019999998,281.799988,283.420013,5091.72998,5104.649902,8592.120117,8549.94043,136.240005,135.320007,1079.939941,1087.920044,304.769989,306.549988,686.8900150000002,683.820007,0.45,-0.67,-0.73,0.39,-0.29,-0.55,0.68,-0.82,-0.08,-0.48,-1.35,2.05,1.27,1.76,0.77,0.57,0.13,0.25,-1.19,-0.49,-0.56,-0.68,-2.31,0.74,-1.2,0.58,-0.62,-0.45,0.09
2017-06-20,"while i greatly appreciate the efforts of president xi &amp; china to help with north korea, it has not worked out. at least i know china tried!",['china'],17134,78373,0.206,0.0,0.794,0.7171,2450.6599,2437.03,21521.25,21467.1406,6229.6201,6188.0298,3748.550049,3711.76001,3136.889893,3177.550049,708.9400019999998,714.630005,283.559998,283.790009,5086.910156,5044.100098,8541.629883,8501.959961,132.889999,132.190002,1089.420044,1074.880005,306.269989,304.640015,684.179993,684.429993,-0.56,-0.06,-0.1,-0.25,-0.27,-0.33,-0.67,0.74,0.79,-0.98,-1.43,1.3,4.05,0.8,3.11,0.08,-0.27,-0.84,0.27,-0.46,-0.66,-0.53,-3.41,-1.33,1.17,-0.53,-0.28,0.04,-0.66
2017-06-21,"democrats would do much better as a party if they got together with republicans on healthcare,tax cuts,security. obstruction doesn't work!",['tax'],26668,111236,0.257,0.0,0.743,0.7088,2439.3101,2435.6101,21466.3906,21410.0293,6202.75,6233.9502,3715.659912,3658.850098,3186.919922,3306.26001,716.380005,736.869995,284.059998,283.01001,5050.549805,5057.850098,8510.849609,8445.910156,132.229996,127.68,1080.51001,1087.420044,304.359985,303.799988,684.130005,679.909973,-0.15,-0.05,0.11,-0.26,-0.06,-0.07,0.5,0.04,0.5,-1.53,-0.49,3.74,1.3,2.86,1.23,-0.37,-0.34,0.14,-0.13,-0.76,-0.8,-3.44,-0.4,0.64,-0.23,-0.18,0.18,-0.62,-0.44
2017-06-23,.@flotus &amp; i were honored to host our first wh congressional picnic. a wonderful evening &amp; tradition. @marineband:‚Ä¶ https://t.co/h5l4mywmam,['ban'],9629,51846,0.333,0.0,0.667,0.8176,2434.6499,2438.3,21380.9199,21394.7598,6234.3501,6265.25,3654.550049,3631.090088,3343.98999,3354.129883,745.47998,747.6099849999998,282.359985,283.730011,5051.209961,5068.689941,8397.320313,8393.530273,127.489998,127.940002,1084.829956,1088.47998,303.920013,305.910004,676.539978,674.52002,0.15,0.03,-0.78,0.06,0.07,-0.39,0.5,-0.29,-1.89,-0.64,0.55,0.3,-0.3,0.29,-0.15,0.49,0.09,0.35,0.06,-0.05,0.18,0.35,0.25,0.34,-0.97,0.65,0.17,-0.3,0.77
2017-06-29,our new american energy policy will unlock millions of jobs &amp; trillions in wealth. we are on the cusp of a true ene‚Ä¶ https://t.co/w5y7uxzssd,"['jobs', 'jobs']",17677,73673,0.288,0.0,0.712,0.7964,2442.3799,2419.7,21487.3809,21287.0293,6215.4902,6144.3501,3783.97998,3773.090088,3312.780029,3269.23999,743.710022,734.210022,283.959991,280.559998,5057.509765999999,5002.399902,8559.25,8530.019531,129.779999,130.490005,1060.02002,1040.420044,303.179993,299.040009,659.950012,658.3099980000002,-0.93,0.15,0.38,-0.93,0.29,0.9,-1.14,-0.06,-0.56,-0.29,-0.46,-1.31,-0.72,-1.28,-0.47,-1.2,0.87,-1.09,0.14,-0.34,-0.64,0.55,0.24,-1.85,-0.53,-1.37,-0.09,-0.25,-0.11
2017-06-30,just finished a very good meeting with the president of south korea. many subjects discussed including north korea and new trade deal!,['trade'],18499,87535,0.148,0.0,0.852,0.54,2429.2,2423.4099,21348.5996,21349.6309,6166.8398,6140.4199,3786.419922,3755.669922,3275.080078,3245.649902,735.400024,730.789978,281.709991,283.01001,5017.029785,5009.649902,8543.080078,8475.370117,131.220001,130.800003,1044.969971,1034.910034,300.73999,298.76001,659.48999,657.570007,-0.24,0.23,0.38,0.0,0.61,0.6,-0.43,-0.49,0.17,-0.81,1.99,-0.9,0.38,-0.63,0.17,0.46,-0.11,-0.15,-0.66,-0.79,1.09,-0.32,3.26,-0.96,-1.39,-0.66,-0.08,-0.29,-0.55
2017-07-03,"at some point the fake news will be forced to discuss our great jobs numbers, strong economy, success with isis, the border &amp; so much else!","['jobs', 'economy', 'jobs']",29370,124200,0.296,0.158,0.546,0.7424,2431.3899,2429.01,21392.3008,21479.2695,6173.29,6110.0601,3772.780029,3830.590088,3259.72998,3257.879883,734.1900019999998,732.049988,284.0299990000001,282.709991,5035.939941,4976.680176,8510.870117,8567.879883,131.529999,135.070007,1040.920044,1020.51001,299.130005,298.51001,659.460022,653.97998,-0.1,0.15,-0.79,0.41,-0.01,-0.74,-1.02,0.67,-0.34,1.53,-0.44,-0.06,1.39,-0.29,1.15,-0.46,0.39,-1.18,0.16,0.67,-0.87,2.69,-3.12,-1.96,2.08,-0.21,-0.39,-0.83,-0.39
2017-07-12,"""after 14 years, u.s. beef hits chinese market. trade deal an exciting opportunity for agriculture."" https://t.co/gdggejqfms","['market', 'market', 'trade']",16728,66383,0.3,0.0,0.7,0.7184,2435.75,2443.25,21467.9297,21532.1406,6238.8999,6261.1699,3755.580078,3767.909912,3288.75,3289.139893,737.650024,738.0599980000002,285.269989,284.309998,5046.040039,5058.580078,8475.410156,8488.959961,132.0,129.889999,1085.880005,1092.859985,299.959991,298.890015,656.25,655.460022,0.31,0.19,0.66,0.3,0.1,0.49,0.36,0.21,0.82,0.33,0.15,0.01,0.66,0.06,0.37,-0.34,0.0,0.25,-0.02,0.16,0.21,-1.6,2.23,0.64,-0.25,-0.36,0.04,-0.12,-0.37
2017-07-14,"great conversations with president @emmanuelmacron and his representatives on trade, military and security.",['trade'],8663,48543,0.371,0.0,0.629,0.7579,2449.1599,2459.27,21532.7695,21637.7402,6289.0801,6312.4702,3740.0,3749.649902,3320.060059,3312.389893,742.51001,743.3900150000002,284.5299990000001,285.410004,5071.899902,5080.77002,8483.160156,8515.360352,133.059998,134.470001,1094.609985,1104.319946,299.190002,299.890015,656.299988,656.429993,0.41,-0.01,0.05,0.49,-0.04,-0.29,0.37,0.03,0.5,0.26,-0.01,-0.23,-0.37,0.12,-0.17,0.31,-0.02,0.17,0.09,0.38,0.4,1.06,0.16,0.89,-0.43,0.23,0.19,0.02,0.4
2017-07-17,"heading back to washington, d.c. much will be accomplished this week on trade, the military and security!",['trade'],14914,85365,0.272,0.0,0.728,0.68,2459.5,2459.1399,21633.9707,21629.7207,6320.3501,6314.4302,3745.530029,3749.280029,3316.790039,3300.110107,744.299988,742.159973,285.390015,285.359985,5087.540039,5085.589844,8510.099609,8549.139648,134.320007,134.690002,1106.849976,1099.550049,300.51001,300.470001,656.700012,659.0599980000002,-0.01,0.06,0.6,-0.02,-0.25,0.05,-0.09,0.47,1.12,0.1,-0.23,-0.5,0.03,-0.29,-0.02,-0.01,-0.73,-0.04,0.74,0.46,0.16,0.28,-0.36,-0.66,0.35,-0.01,-0.23,0.36,0.26
2017-07-31,"highest stock market ever, best economic numbers in years, unemployment lowest in 17 years, wages raising, border secure, s.c.: no wh chaos!","['market', 'stock', 'market', 'unemployment', 'wages']",28813,120687,0.192,0.341,0.467,-0.6239,2475.9399,2470.3,21863.3906,21891.1191,6394.6899,6348.1201,3723.919922,3733.169922,3362.439941,3339.860107,751.469971,746.789978,283.940002,283.459991,5218.009765999999,5182.680176,8746.799805,8741.280273,134.690002,134.360001,1096.920044,1085.150024,303.179993,301.309998,671.4400019999998,673.48999,-0.23,0.24,0.29,0.13,0.33,0.57,-0.73,0.23,0.23,0.25,0.66,-0.67,-0.99,-0.62,-0.8,-0.17,0.56,-0.68,0.24,-0.06,0.49,-0.25,-0.83,-1.07,0.55,-0.62,0.86,0.31,0.38
2017-08-02,i campaigned on creating a merit-based immigration system that protects u.s. workers &amp; taxpayers. watch:‚Ä¶ https://t.co/b8yiifgy3d,['tax'],19077,74592,0.273,0.0,0.727,0.5423,2480.3799,2477.5701,22004.3594,22016.2402,6393.1001,6362.6499,3758.030029,3746.790039,3315.0,3321.959961,741.880005,741.539978,284.929993,285.480011,5184.870117,5165.399902,8781.620117,8755.429688,132.470001,133.75,1099.48999,1083.959961,303.730011,303.170013,673.650024,679.1099849999998,-0.11,-0.22,-0.03,0.05,0.04,0.35,-0.48,-0.35,-0.17,-0.3,-0.81,0.21,-0.84,-0.05,-0.57,0.19,-0.32,-0.38,-0.28,-0.3,0.29,0.97,-0.07,-1.41,-0.48,-0.18,0.11,0.81,0.46
2017-08-03,business is looking better than ever with business enthusiasm at record levels. stock market at an all-time high. that doesn't just happen!,"['market', 'stock', 'market']",15565,78866,0.233,0.0,0.767,0.7263,2476.03,2472.1599,22007.5801,22026.0996,6366.2402,6340.3398,3741.129883,3716.439941,3327.560059,3294.1201170000004,741.700012,737.289978,285.549988,284.579987,5175.560059,5151.1401369999985,8820.599609,8781.209961,133.71000700000002,133.660004,1082.890015,1078.800049,303.959991,303.48999,677.6099849999998,682.26001,-0.16,0.19,0.35,0.08,0.3,0.42,-0.41,0.18,0.68,-0.66,0.73,-1.0,0.37,-0.59,0.17,-0.34,0.68,-0.47,-0.02,-0.45,0.62,-0.04,-0.01,-0.38,0.06,-0.15,0.21,0.69,-0.34
2017-08-04,excellent jobs numbers just released - and i have only just begun. many job stifling regulations continue to fall. movement back to usa!,"['jobs', 'jobs']",18161,86174,0.166,0.0,0.834,0.6114,2476.8799,2476.8301,22058.3906,22092.8105,6350.79,6351.5601,3740.97998,3743.530029,3296.48999,3306.409912,737.880005,738.570007,285.320007,286.51001,5156.220215,5150.299805,8814.089844,8835.509766,133.78999299999998,133.639999,1080.22998,1079.449951,303.290009,304.140015,680.099976,679.919983,-0.0,0.16,-0.08,0.16,0.12,-0.03,0.01,0.51,0.3,0.07,-0.61,0.3,0.5,0.09,0.63,0.42,-0.17,-0.11,0.34,0.24,-0.68,-0.11,-2.66,-0.07,1.74,0.28,0.11,-0.03,0.22
2017-08-07,just completed call with president moon of south korea. very happy and impressed with 15-0 united nations vote on north korea sanctions.,['sanctions'],19246,96034,0.348,0.0,0.652,0.8795,2477.1399,2480.9099,22100.1992,22118.4199,6361.0601,6383.77,3744.149902,3720.600098,3302.51001,3322.899902,738.200012,743.210022,286.609985,286.0299990000001,5157.149902,5167.879883,8807.099609,8775.469727,132.610001,130.080002,1082.849976,1098.25,304.589996,304.459991,679.76001,681.4400019999998,0.15,-0.24,-0.28,0.08,-0.15,-0.32,0.36,-0.21,-0.49,-0.63,0.22,0.62,-0.93,0.68,-0.78,-0.2,-0.53,0.21,-0.29,-0.36,-0.95,-1.91,-1.88,1.42,-0.41,-0.04,-0.48,0.25,0.35
2017-08-09,my first order as president was to renovate and modernize our nuclear arsenal. it is now far stronger and more powerful than ever before....,['nuclear'],24111,102424,0.206,0.0,0.794,0.6901,2465.3501,2474.02,22022.3398,22048.6992,6322.9199,6352.3301,3697.570068,3680.469971,3270.959961,3281.76001,732.75,734.039978,283.76001,283.5299990000001,5104.0,5128.200195,8651.769531,8659.120117,128.050003,126.129997,1083.619995,1090.48999,301.980011,301.670013,685.22998,680.3599849999998,0.35,-1.45,-1.32,0.12,-0.93,-0.86,0.47,-2.13,-1.51,-0.46,-2.13,0.33,-2.86,0.18,-2.58,-0.08,-1.94,0.47,-1.69,0.08,-0.47,-1.5,-2.05,0.63,-2.79,-0.1,-2.04,-0.71,0.31
2017-08-11,"military solutions are now fully in place,locked and loaded,should north korea act unwisely.  hopefully kim jong un will find another path!",['kim'],56107,167630,0.198,0.0,0.802,0.5707,2441.04,2441.3201,21883.3203,21858.3203,6222.1802,6256.5601,3616.139893,3569.159912,3192.98999,3211.310059,716.3599849999998,720.6400150000002,277.359985,278.48999,5049.600098,5071.379883,8651.230469,8581.860352,122.760002,123.080002,1053.030029,1066.219971,295.720001,298.7799990000001,682.3599849999998,677.98999,0.01,1.0,0.95,-0.11,0.62,0.64,0.55,1.34,1.22,-1.3,2.44,0.57,0.97,0.6,1.07,0.41,1.03,0.43,0.93,-0.8,0.95,0.26,0.03,1.25,2.58,1.03,1.23,-0.64,0.53
2017-08-14,"big day in washington, d.c., even though white house &amp; oval office are being renovated. great trade deals coming for american workers!",['trade'],12045,67453,0.173,0.0,0.827,0.6588,2454.96,2465.8401,21945.6406,21993.7109,6306.1099,6340.23,3604.419922,3656.340088,3231.830078,3242.449951,725.23999,728.330017,279.98999,281.359985,5102.509765999999,5118.490234000001,8625.519531,8663.009766,123.25,123.120003,1078.920044,1093.73999,300.619995,302.450012,678.960022,681.599976,0.44,-0.05,0.09,0.22,0.02,0.14,0.54,-0.11,0.08,1.44,-0.49,0.33,-0.13,0.43,-0.09,0.49,0.06,0.31,-0.44,0.43,-0.26,-0.11,-1.75,1.37,0.25,0.61,0.07,0.39,0.51
2017-08-18,"heading to camp david for major meeting on national security, the border and the military (which we are rapidly building to strongest ever).",['build'],15167,83960,0.202,0.0,0.798,0.6486,2427.6399,2425.55,21724.8809,21674.5098,6222.46,6216.5298,3520.030029,3547.5500490000004,3179.899902,3181.379883,715.47998,715.590027,275.940002,275.079987,5010.089844,5003.379883,8494.94043,8533.330078,117.75,119.419998,1076.98999,1071.890015,295.720001,292.75,681.530029,686.3599849999998,-0.09,0.12,1.11,-0.23,0.13,1.04,-0.1,-0.05,1.3,0.78,-0.11,0.05,0.23,0.02,0.22,-0.31,0.15,-0.13,-0.01,0.45,-0.08,1.42,-1.1,-0.47,-0.69,-1.0,0.3,0.71,0.32
2017-08-30,will be leaving for missouri soon for a speech on tax cuts and tax reform - so badly needed!,['tax'],13359,79936,0.0,0.302,0.698,-0.7567,2446.0601,2457.5901,21859.7598,21892.4297,6308.6802,6368.3101,3576.889893,3587.629883,3325.070068,3394.689941,741.960022,755.210022,275.519989,278.839996,5030.299805,5077.220215,8438.94043,8469.469727,120.75,119.849998,1088.349976,1103.689941,299.5299990000001,303.109985,692.840027,691.280029,0.47,0.57,0.77,0.15,0.25,0.43,0.95,0.95,1.05,0.3,0.09,2.09,2.84,1.79,2.45,1.2,1.53,0.93,0.6,0.36,0.43,-0.75,0.64,1.41,0.96,1.2,0.62,-0.23,-0.0
2017-08-31,rt @ivankatrump: we must reform our tax code so that all americans can succeed in our modern economy &amp; achieve the american dream! #taxrefo‚Ä¶,"['tax', 'economy']",9748,0,0.2,0.0,0.8,0.6696,2462.6499,2471.6499,21936.0098,21948.0996,6385.7998,6428.6602,3600.060059000001,3590.929932,3411.659912,3491.030029,758.5599980000002,773.75,279.73999,283.109985,5092.600098,5107.669922,8481.209961,8506.160156,120.739998,120.620003,1106.349976,1114.310059,303.399994,305.0,691.619995,691.26001,0.37,0.2,-0.56,0.06,0.18,-0.89,0.67,0.1,-0.83,-0.25,0.72,2.33,0.72,2.0,0.51,1.2,-0.04,0.3,0.13,0.29,-0.03,-0.1,1.53,0.72,0.45,0.53,-0.03,-0.05,-0.33
2017-09-07,"if we want to renew our prosperity, restore opportunity, &amp; re-establish our economic dominance, then we need tax re‚Ä¶ https://t.co/icacqnxz89",['tax'],16322,66963,0.336,0.0,0.664,0.7269,2468.0601,2465.1001,21820.3809,21784.7793,6402.9399,6397.8701,3528.840088000001,3448.590088000001,3488.139893,3510.040039,775.23999,781.0,280.859985,279.920013,5109.649902,5086.200195,8287.349609,8167.600098000001,127.169998,127.160004,1108.689941,1107.339966,301.869995,300.059998,688.780029,692.669983,-0.12,-0.15,0.93,-0.16,0.06,1.25,-0.08,-0.59,0.54,-2.27,1.03,0.63,-0.37,0.74,-0.18,-0.33,1.59,-0.46,-0.6,-1.44,2.73,-0.01,-1.82,-0.12,-1.25,-0.6,-0.79,0.56,0.45
2017-09-14,china has a business tax rate of 15%. we should do everything possible to match them in order to win with our economy. jobs and wages!,"['china', 'tax', 'jobs', 'economy', 'jobs', 'wages']",16798,73442,0.146,0.0,0.854,0.6239,2494.5601,2495.6201,22144.9609,22203.4805,6439.46,6429.0801,3643.699951,3613.27002,3486.149902,3474.01001,779.48999,777.48999,283.160004,283.0,5142.850098,5127.97998,8549.19043,8523.019531,133.509995,133.410004,1118.300049,1127.420044,300.540009,300.709991,685.900024,692.9400019999998,0.04,0.18,0.33,0.26,0.29,0.58,-0.16,0.3,0.4,-0.84,0.32,-0.35,-0.04,-0.26,-0.02,-0.06,0.01,-0.29,-0.01,-0.31,0.37,-0.07,0.33,0.82,1.71,0.06,0.42,1.03,0.07
2017-09-15,espn is paying a really big price for its politics (and bad programming). people are dumping it in record numbers. apologize for untruth!,['price'],26208,106564,0.053,0.23,0.717,-0.69,2495.6699,2500.23,22252.4395,22268.3398,6426.1602,6448.4702,3606.75,3624.820068,3477.350098,3472.5500490000004,777.98999,777.330017,282.850006,283.019989,5122.299805,5127.25,8511.200195,8554.790039,133.479996,133.850006,1130.359985,1146.680054,300.890015,301.959991,693.210022,693.450012,0.18,0.15,0.26,0.07,0.28,0.46,0.35,0.1,0.2,0.5,1.4,-0.14,0.05,-0.08,0.12,0.06,0.72,0.1,-0.01,0.51,0.11,0.28,0.76,1.44,1.24,0.36,0.41,0.03,-1.03
2017-09-25,the white house never looked more beautiful than it did returning last night. important meetings taking place today. big tax cuts &amp; reform.,['tax'],13322,80974,0.066,0.203,0.731,-0.5807,2499.3899,2496.6599,22320.4707,22296.0898,6403.1099,6370.5898,3752.159912,3766.280029,3453.820068,3467.389893,775.330017,777.0,285.519989,286.200012,5096.410156,5071.200195,8620.610352,8664.799805,137.029999,139.949997,1144.469971,1126.939941,307.7799990000001,308.679993,674.909973,680.580017,-0.11,0.01,0.42,-0.11,-0.05,0.2,-0.51,0.15,1.3,0.38,0.76,0.39,-0.96,0.22,-0.73,0.24,0.56,-0.49,0.05,0.51,0.44,2.13,0.47,-1.53,-0.05,0.29,0.14,0.84,-0.17
2017-09-28,"it is time to take care of our people, to rebuild our nation, and to fight for our great american workers!‚Ä¶ https://t.co/zdg8mwadgy",['build'],16781,73096,0.26,0.089,0.651,0.7177,2503.4099,2510.0601,22306.8301,22381.1992,6437.96,6453.4502,3886.209961,3905.280029,3450.340088000001,3459.949951,774.119995,774.099976,290.070007,293.119995,5106.509765999999,5107.200195,8781.160156,8820.099609,142.419998,141.559998,1150.219971,1161.689941,307.540009,308.049988,668.280029,673.27002,0.27,0.37,0.76,0.33,0.11,0.79,0.24,0.66,0.98,0.49,0.25,0.28,0.96,-0.0,0.96,1.05,0.96,0.01,0.38,0.44,-0.43,-0.6,0.43,1.0,0.87,0.17,0.67,0.75,-0.03
2017-09-29,...the fact is that puerto rico has been destroyed by two hurricanes. big decisions will have to be made as to the cost of its rebuilding!,['build'],10748,55462,0.0,0.123,0.877,-0.5411,2509.96,2519.3601,22358.4707,22405.0898,6461.2798,6495.96,3901.580078,3915.110107,3468.330078,3493.01001,775.719971,781.5,293.48999,295.929993,5111.990234000001,5126.680176,8814.19043,8782.339844,141.600006,142.169998,1165.48999,1171.73999,308.390015,310.109985,673.01001,673.049988,0.37,0.39,0.6,0.21,0.68,1.06,0.54,0.32,0.55,0.35,0.87,0.71,1.48,0.75,1.26,0.83,0.43,0.29,0.19,-0.36,1.38,0.4,-1.29,0.54,0.6,0.56,0.61,0.01,0.25
2017-10-05,stock market hits an all-time high! unemployment lowest in 16 years! business and manufacturing enthusiasm at highest level in decades!,"['market', 'stock', 'market', 'unemployment']",34634,151943,0.11,0.243,0.647,-0.5386,2540.8601,2552.0701,22669.0801,22775.3906,6552.8701,6585.3599,3901.659912,3937.889893,3571.51001,3570.790039,796.340027,796.25,301.619995,301.470001,5182.370117,5212.060059,8852.990234,8880.509766,139.419998,140.25,1188.569946,1186.069946,310.420013,310.609985,679.650024,679.950012,0.44,-0.11,-0.29,0.47,-0.01,-0.06,0.5,0.07,-0.09,0.93,0.06,-0.02,-0.23,-0.01,-0.38,-0.05,0.27,0.57,-0.14,0.31,-0.07,0.6,-1.37,-0.21,0.45,0.06,0.47,0.04,-0.07
2017-10-10,rt @ivankatrump: .@realdonaldtrump stock market rally is close to becoming the greatest in 85 years https://t.co/5wlza82mij,"['market', 'stock', 'market']",15822,0,0.219,0.0,0.781,0.6369,2549.99,2550.6399,22784.7598,22830.6797,6602.4902,6587.25,3943.389893,3968.360107,3557.899902,3558.030029,789.6900019999998,789.630005,302.660004,301.920013,5193.879883,5177.930176,8850.490234,8873.200195,140.399994,138.839996,1209.5,1207.199951,312.309998,310.23999,680.679993,686.880005,0.03,0.18,0.01,0.2,0.18,0.05,-0.23,0.25,0.06,0.63,-0.51,0.0,-0.27,-0.01,-0.14,-0.24,0.09,-0.31,0.06,0.26,-0.03,-1.11,-0.02,-0.19,0.66,-0.66,0.1,0.91,0.46
2017-10-12,clips from tax speech and @seanhannity on @foxandfriends now. have a great day!,['tax'],6351,36277,0.285,0.0,0.715,0.6588,2552.8799,2550.9299,22854.8496,22841.0098,6594.7598,6591.5098,3951.790039,3925.540039,3546.699951,3529.5200200000004,788.1900019999998,784.950012,301.670013,302.160004,5169.370117,5165.290039,8863.730469,8857.870117,137.880005,136.949997,1214.130005,1211.099976,308.359985,309.209991,689.8900150000002,692.789978,-0.08,0.09,0.26,-0.06,0.13,0.51,-0.05,0.22,0.49,-0.66,-0.4,-0.48,-0.25,-0.41,-0.44,0.16,-0.21,-0.08,0.19,-0.07,0.4,-0.67,0.83,-0.25,0.67,0.28,0.38,0.42,-0.78
2017-10-13,"it is time to take care of our country, to rebuild our communities, and to protect our great american workers!‚Ä¶ https://t.co/ypea52vokd",['build'],15593,66117,0.362,0.0,0.638,0.8805,2555.6599,2553.1699,22876.4297,22871.7207,6613.21,6605.7998,3917.52002,3909.659912,3535.73999,3520.560059000001,785.570007,781.530029,302.640015,301.5299990000001,5182.990234000001,5174.990234000001,8862.030273,8893.419922,138.179993,138.089996,1218.839966,1219.209961,310.160004,310.390015,694.159973,687.3599849999998,-0.1,0.18,0.24,-0.02,0.37,0.55,-0.11,0.28,0.27,-0.2,0.73,-0.43,0.19,-0.51,-0.1,-0.37,0.4,-0.15,0.14,0.35,0.35,-0.07,0.17,0.03,0.47,0.07,-0.19,-0.98,-0.18
2017-10-17,"""dow passes 23,000 for the first time, fueled by strong earnings""
#dow23küìàhttps://t.co/wnkrddylb9 https://t.co/wlp0ncncou",['earnings'],10852,44334,0.216,0.0,0.784,0.5106,2557.1699,2559.3601,22952.4102,22997.4395,6621.4199,6623.6602,3940.870117,3893.419922,3533.810059000001,3541.949951,782.25,784.599976,302.559998,302.820007,5177.379883,5174.160156,8934.740234,8916.80957,138.279999,137.320007,1223.170044,1224.119995,309.420013,309.720001,685.419983,690.869995,0.09,0.07,0.11,0.2,0.7,0.72,0.03,0.01,-0.28,-1.2,0.69,0.23,-0.72,0.3,-0.44,0.09,0.28,-0.06,-0.12,-0.2,0.62,-0.69,-2.06,0.08,0.33,0.1,-0.07,0.8,-0.14
2017-10-18,"thank you @heritage! this is our once-in-a-generation opportunity to revitalize our economy, revive our industry &amp;‚Ä¶ https://t.co/shs0pvz5gl",['economy'],9253,41137,0.363,0.0,0.637,0.7901,2562.8701,2561.26,23087.1309,23157.5996,6634.2598,6624.2202,3906.23999,3920.169922,3554.75,3516.600098,786.72998,781.159973,303.220001,303.670013,5179.490234000001,5167.870117,8931.480469,8971.919922,136.919998,134.490005,1226.780029,1228.160034,310.320007,309.48999,690.070007,689.919983,-0.06,0.03,0.54,0.31,0.02,0.74,-0.15,-0.29,0.07,0.36,0.53,-1.07,-0.2,-0.71,-0.01,0.15,0.94,-0.22,-0.32,0.45,0.57,-1.77,-1.21,0.11,-0.25,-0.27,0.49,-0.02,1.06
2017-10-23,"there will be no change to your 401(k). this has always been a great and popular middle class tax break that works, and it stays!",['tax'],23729,113610,0.237,0.072,0.691,0.7177,2578.0801,2564.98,23348.9492,23273.9609,6641.5698,6586.8301,3976.98999,3934.350098,3474.830078,3431.7700200000004,776.27002,767.98999,310.359985,309.149994,5178.209961,5126.319824,9074.709961,9059.379883,131.809998,129.559998,1237.329956,1237.140015,314.350006,314.380005,698.700012,698.590027,-0.51,0.16,-0.31,-0.32,0.72,0.24,-0.82,0.18,-0.35,-1.07,0.56,-1.24,-0.82,-1.07,-0.67,-0.39,1.23,-1.0,0.14,-0.17,-0.4,-1.71,0.54,-0.02,0.67,0.01,0.66,-0.02,0.11
2017-10-24,stock market just hit another record high! jobs looking very good.,"['market', 'stock', 'market', 'jobs', 'jobs']",18267,96306,0.258,0.0,0.742,0.54,2568.6599,2569.1299,23346.7793,23441.7598,6598.6099,6598.4302,3947.340088,3956.199951,3434.179932,3403.780029,768.719971,762.820007,310.0,312.950012,5137.220215,5133.660156,9069.629883,9023.410156,130.429993,130.259995,1239.670044,1245.380005,314.660004,316.450012,697.97998,699.340027,0.02,-0.47,-0.34,0.41,-0.48,-0.17,-0.0,-0.52,-0.63,0.22,-0.27,-0.89,-1.06,-0.77,-0.85,0.95,-0.99,-0.07,-0.27,-0.51,-0.2,-0.13,-0.32,0.46,-1.29,0.57,-0.72,0.19,-0.4
2017-10-27,"diane black of tennessee, the highly respected house budget committee chairwoman, did a great job in passing budget, setting up big tax cuts",['tax'],11456,60326,0.261,0.077,0.662,0.7425,2570.26,2581.0701,23419.1602,23434.1895,6635.0298,6701.2598,3983.330078,4008.060059,3276.030029,3313.429932,737.119995,745.080017,315.25,316.649994,5166.430176,5227.509765999999,9022.200195,8971.389648,127.160004,128.320007,1248.359985,1263.550049,313.929993,315.709991,694.969971,700.650024,0.42,-0.32,-0.23,0.06,-0.36,-0.24,1.0,-0.03,0.39,0.62,-1.99,1.14,0.06,1.08,-0.07,0.44,0.23,1.18,-0.24,-0.56,-1.0,0.91,2.34,1.22,0.19,0.57,-1.47,0.82,0.09
2017-11-06,"the state of virginia economy, under democrat rule, has been terrible. if you vote ed gillespie tomorrow, it will come roaring back!",['economy'],19137,75918,0.0,0.139,0.861,-0.5255,2587.47,2591.1299,23533.9609,23548.4199,6763.2998,6786.4399,3925.909912,3926.370117,3319.25,3304.560059,746.030029,743.070007,317.429993,319.5299990000001,5228.339844,5254.709961,8770.830078,8824.240234,135.369995,140.940002,1314.130005,1317.339966,308.73999,309.359985,701.849976,698.590027,0.14,-0.02,0.13,0.06,0.04,0.06,0.34,-0.27,0.04,0.01,-2.69,-0.44,-0.45,-0.4,-0.18,0.66,-0.13,0.5,-0.43,0.61,-0.27,4.11,-0.26,0.24,-0.06,0.2,-0.39,-0.46,1.21
2017-11-07,stock market hit yet another all-time record high yesterday. there is great confidence in the moves that my administration....,"['market', 'stock', 'market']",11092,60723,0.303,0.0,0.697,0.8126,2592.1101,2590.6399,23574.0293,23557.2305,6785.4399,6767.7798,3925.179932,3820.840088,3305.100098,3289.73999,743.3599849999998,741.700012,319.880005,319.119995,5245.899902,5232.0,8825.219727,8800.730469,141.28999299999995,140.580002,1314.689941,1316.550049,308.540009,308.149994,700.039978,707.030029,-0.06,0.14,-0.23,-0.07,0.03,-0.4,-0.26,0.32,-0.26,-2.66,-0.84,-0.46,-0.41,-0.22,-0.2,-0.24,1.11,-0.26,0.46,-0.28,-0.12,-0.5,0.38,0.14,0.35,-0.13,0.47,1.0,0.03
2017-11-09,in the coming months and years ahead i look forward to building an even stronger relationship between the united st‚Ä¶ https://t.co/khceqsqdtk,['build'],19369,91546,0.231,0.0,0.769,0.6597,2584.0,2584.6201,23492.0898,23461.9395,6737.4502,6750.0498,3763.810059,3757.25,3252.459961,3258.879883,735.530029,737.5599980000002,320.190002,323.309998,5215.819824,5249.6098630000015,8751.169922,8768.870117,140.21000700000002,142.21000700000005,1306.099976,1294.660034,307.619995,307.040009,704.450012,707.9400019999998,0.02,-0.09,0.01,-0.13,-0.17,-0.09,0.19,0.01,0.11,-0.17,-0.04,0.2,0.36,0.28,0.0,0.97,-0.26,0.65,0.28,0.2,-0.2,1.43,-0.86,-0.88,0.65,-0.19,0.19,0.5,-0.41
2017-11-13,"great day of bilateral meetings at #aseansummit on trade, which we are turning around to be great deals for our cou‚Ä¶ https://t.co/n7g7zvo9pl",['trade'],8180,42418,0.291,0.0,0.709,0.8481,2576.53,2584.8401,23367.4707,23439.6992,6727.3901,6757.6001,3733.199951,3802.820068,3260.72998,3246.719971,735.219971,734.52002,321.630005,323.869995,5254.299805,5283.47998,8700.879883,8717.780273,140.119995,138.119995,1297.5,1306.579956,306.609985,307.160004,705.789978,713.5599980000002,0.32,-0.23,-0.78,0.31,-0.13,-0.72,0.45,-0.29,-0.76,1.86,0.63,-0.43,-1.57,-0.1,-1.23,0.7,0.78,0.56,-0.14,0.19,0.08,-1.43,-3.84,0.7,-0.12,0.18,0.45,1.1,1.22
2017-11-15,"...they should realize that these relationships are a good thing, not a bad thing. the u.s. is being respected again. watch trade!",['trade'],14666,81796,0.35,0.0,0.65,0.8459,2569.45,2564.6201,23334.5898,23271.2793,6700.6802,6706.21,3789.199951,3826.459961,3182.75,3207.040039,722.710022,727.070007,324.899994,325.769989,5254.120117,5251.75,8696.709961,8752.080078,130.860001,130.419998,1296.02002,1293.199951,308.480011,309.790009,724.02002,715.52002,-0.19,0.82,0.55,-0.27,0.8,0.37,0.08,1.3,1.14,0.98,0.38,0.76,1.49,0.6,1.58,0.27,0.67,-0.05,1.21,0.64,-0.45,-0.34,-0.68,-0.22,1.54,0.42,3.77,-1.17,-0.45
2017-11-27,"the tax cut bill is coming along very well, great support. with just a few changes, some mathematical, the middle c‚Ä¶ https://t.co/p1ggkhvyxy",['tax'],15253,81223,0.338,0.073,0.59,0.8241,2602.6599,2601.4199,23552.8594,23580.7793,6889.9102,6878.52,3872.649902,3880.459961,3277.409912,3251.76001,745.02002,741.580017,336.589996,333.98999,5409.600098,5379.930176,8742.650391,8778.240234,130.809998,129.759995,1329.579956,1324.150024,330.0,331.980011,708.900024,711.080017,-0.05,0.98,0.95,0.12,1.09,1.53,-0.17,0.49,-0.79,0.2,3.07,-0.78,0.27,-0.46,0.35,-0.77,1.55,-0.55,0.81,0.41,0.8,-0.8,0.59,-0.41,-0.08,0.6,1.17,0.31,0.47
2017-11-30,stock market hits new record high. confidence and enthusiasm abound. more great numbers coming out!,"['market', 'stock', 'market']",15120,85504,0.476,0.0,0.524,0.8976,2633.9299,2647.5801,24013.8008,24272.3496,6852.7998,6873.9702,4139.970215,4067.860107,3272.679932,3307.850098,747.27002,753.3900150000002,342.859985,344.51001,5414.870117,5436.689941,8927.549805,8873.040039,132.080002,133.550003,1274.949951,1272.550049,335.059998,333.140015,714.580017,716.8900150000002,0.52,-0.2,-0.31,1.08,-0.17,0.07,0.31,-0.38,-1.43,-1.74,-0.24,1.07,0.26,0.82,-0.04,0.48,-0.71,0.4,-0.22,-0.61,-0.05,1.11,3.26,-0.19,-1.09,-0.57,0.15,0.32,-0.35
2017-12-04,"with the great vote on cutting taxes, this could be a big day for the stock market - and you!","['market', 'stock', 'market', 'tax']",15817,87962,0.201,0.069,0.731,0.5983,2657.1899,2639.4399,24424.1094,24290.0508,6897.1299,6775.3701,4122.339844,4109.8901369999985,3337.72998,3262.389893,758.460022,742.27002,346.01001,344.929993,5470.1098630000015,5416.169922,8916.5,8829.0,137.910004,137.660004,1268.180054,1227.849976,336.309998,332.959991,715.549988,710.210022,-0.67,-0.37,-0.39,-0.55,-0.45,-0.61,-1.77,-0.19,0.01,-0.3,-1.84,-2.26,-0.55,-2.13,-0.48,-0.31,-1.49,-0.99,-0.22,-0.98,-1.02,-0.18,-1.31,-3.18,0.05,-1.0,-0.54,-0.75,-1.16
2017-12-20,"we are delivering historic tax relief for the american people!
#taxcutsandjobsact https://t.co/llgatrch5o","['tax', 'jobs', 'jobs']",19774,80871,0.236,0.0,0.764,0.5255,2688.1799,2679.25,24838.0898,24726.6504,6991.25,6960.96,4082.379883,4039.959961,3346.919922,3349.899902,759.700012,759.840027,341.2799990000001,341.809998,5541.839844,5515.839844,8650.089844,8602.150391,138.339996,141.470001,1289.369995,1285.439941,340.140015,340.369995,684.75,679.5,-0.33,0.2,0.15,-0.45,0.23,0.11,-0.43,0.06,-0.01,-1.04,1.09,0.09,0.2,0.02,-0.12,0.16,0.72,-0.47,0.51,-0.55,0.36,2.26,3.44,-0.3,-1.06,0.07,-0.01,-0.77,-1.06
2017-12-21,"house democrats want a shutdown for the holidays in order to distract from the very popular, just passed, tax cuts.‚Ä¶ https://t.co/nrqrr8w3pp",['tax'],19801,86397,0.278,0.087,0.635,0.5849,2683.02,2684.5701,24778.2598,24782.2891,6972.8799,6965.3599,4059.129883,4084.040039,3344.719971,3356.469971,759.72998,758.919983,342.959991,344.2799990000001,5523.100098,5543.850098,8633.070313,8633.349609,141.479996,146.339996,1286.420044,1271.810059,341.730011,340.339996,677.700012,672.330017,0.06,-0.05,-0.15,0.02,-0.11,-0.15,-0.11,-0.08,-0.42,0.61,-0.52,0.35,0.21,-0.11,0.25,0.38,-0.33,0.38,-0.12,0.0,-0.11,3.44,0.08,-1.14,-0.05,-0.41,-0.04,-0.79,-0.01
2017-12-22,"the united nations security council just voted 15-0 in favor of additional sanctions on north korea. the world wants peace, not death!",['sanctions'],18204,88499,0.466,0.0,0.534,0.9305,2684.22,2683.3401,24764.0391,24754.0605,6958.02,6959.96,4088.189941,4062.939941,3340.969971,3363.5200200000004,756.1099849999998,760.849976,344.829987,343.160004,5542.0,5536.97998,8651.769531,8623.870117,145.970001,146.46000700000005,1268.949951,1271.170044,341.01001,340.220001,673.849976,672.23999,-0.03,-0.11,-0.03,-0.04,-0.03,0.08,0.03,-0.34,-0.3,-0.62,-0.86,0.67,0.41,0.63,0.31,-0.48,0.51,-0.09,0.06,-0.32,0.07,0.34,1.76,0.17,-0.97,-0.23,-0.23,-0.24,-0.58
2018-01-02,companies are giving big bonuses to their workers because of the tax cut bill. really great!,['tax'],14947,84665,0.431,0.085,0.484,0.862,2683.73,2695.8101,24809.3496,24824.0098,6937.6499,7006.8999,4011.070068,3993.090088,3378.639893,3440.669922,762.710022,775.039978,346.440002,347.019989,5541.529785,5584.819824,8652.30957,8494.839844,150.25,150.570007,1261.030029,1287.699951,340.190002,342.929993,675.22998,668.919983,0.45,0.64,1.05,0.06,0.4,1.01,1.0,0.84,1.01,-0.45,-0.04,1.84,1.32,1.62,1.25,0.17,2.41,0.78,0.77,-1.82,0.39,0.21,2.42,2.11,1.72,0.81,0.48,-0.93,-1.24
2018-01-04,"thank you to the great republican senators who showed up to our mtg on immigration reform. we must build the wall,‚Ä¶ https://t.co/zkhx30vumi",['build'],28901,133726,0.248,0.0,0.752,0.765,2719.3101,2723.99,24964.8594,25075.1309,7089.5,7077.9102,4016.300049,4011.02002,3498.709961,3456.189941,787.72998,780.1900019999998,356.309998,353.540009,5648.6401369999985,5632.669922,8543.549805,8600.05957,154.729996,157.03999299999995,1315.27002,1317.23999,345.589996,344.019989,659.3900150000002,654.630005,0.17,0.7,0.87,0.44,0.88,0.83,-0.16,0.83,1.12,-0.13,0.64,-1.22,-0.06,-0.96,0.24,-0.78,0.77,-0.28,0.88,0.66,0.54,1.49,0.04,0.15,0.64,-0.45,1.25,-0.72,0.01
2018-01-08,"in every decision we make, we are honoring america‚Äôs proud farming legacy. years of crushing taxes, crippling regs,‚Ä¶ https://t.co/biaoh3znuz",['tax'],17070,79012,0.257,0.1,0.643,0.5994,2742.6699,2747.71,25308.4004,25283.0,7135.3799,7157.3901,4030.370117,4028.840088,3451.629883,3406.080078,781.98999,775.97998,356.720001,357.980011,5685.379883,5711.910156,8626.629883,8612.530273,157.160004,160.100006,1323.449951,1335.540039,347.709991,351.350006,655.52002,660.969971,0.18,0.13,0.02,-0.1,0.41,0.34,0.31,0.09,-0.05,-0.04,1.09,-1.32,2.01,-0.77,1.7,0.35,-0.03,0.47,-0.05,-0.16,-0.0,1.87,-0.57,0.91,-0.97,1.05,-0.48,0.83,-1.02
2018-01-10,cutting taxes and simplifying regulations makes america the place to invest! great news as toyota and mazda announc‚Ä¶ https://t.co/aev6vyzomh,['tax'],21914,87305,0.192,0.066,0.743,0.5983,2745.55,2748.23,25348.1309,25369.1309,7129.8301,7153.5698,4077.050049,4121.8901369999985,3464.659912,3489.560059000001,788.799988,792.700012,356.5299990000001,353.630005,5684.3598630000015,5703.120117,8643.44043,8702.240234,159.600006,159.389999,1306.829956,1306.219971,349.0299990000001,348.589996,651.02002,647.26001,0.1,0.7,1.38,0.08,0.81,1.71,0.33,0.81,1.5,1.1,1.66,0.72,0.29,0.49,0.4,-0.81,1.87,0.33,1.34,0.68,1.0,-0.13,2.38,-0.05,0.62,-0.13,0.6,-0.58,-0.37
2018-01-17,"during the campaign, i promised to make america great again by bringing businesses and jobs back to our country. i‚Ä¶ https://t.co/oq1fa6odh7","['jobs', 'jobs']",23745,96584,0.268,0.0,0.732,0.765,2784.99,2802.5601,25910.7793,26115.6504,7257.77,7298.2798,4199.660156,4207.049805,3503.040039,3505.570068,799.27002,800.77002,356.970001,361.450012,5833.689941,5841.850098,8808.799805,8863.129883,160.899994,161.479996,1338.069946,1364.290039,354.190002,356.649994,640.710022,643.6400150000002,0.63,-0.16,0.28,0.79,-0.37,-0.17,0.56,-0.03,0.52,0.18,-0.72,0.07,-0.14,0.19,-0.18,1.26,-0.24,0.14,-0.08,0.62,-0.52,0.36,-1.82,1.96,0.46,0.69,-0.17,0.46,-0.64
2018-01-25,"will soon be heading to davos, switzerland, to tell the world how great america is and is doing. our economy is now‚Ä¶ https://t.co/owsysicike",['economy'],27207,149034,0.157,0.0,0.843,0.6249,2846.24,2839.25,26313.0605,26392.7891,7457.9502,7411.1602,4233.169922,4197.899902,3681.159912,3670.540039,831.409973,830.1099849999998,365.899994,362.01001,6013.25,6004.02002,9002.740234,9009.459961,164.720001,162.100006,1376.23999,1337.619995,364.23999,360.410004,640.460022,650.820007,-0.25,1.18,0.5,0.3,0.85,0.18,-0.63,1.28,0.75,-0.83,0.01,-0.29,1.21,-0.16,1.29,-1.06,-0.01,-0.15,0.96,0.07,0.69,-1.59,0.46,-2.81,3.26,-1.05,1.26,1.62,0.14
2018-02-02,"with 3.5 million americans receiving bonuses or other benefits from their employers as a result of tax cuts, 2018 i‚Ä¶ https://t.co/cxo1rxddsj",['tax'],26476,105462,0.244,0.087,0.669,0.6124,2808.9199,2762.1299,26061.7891,25520.9609,7347.5898,7240.9502,4193.370117,4167.3901369999985,3559.929932,3528.860107,807.469971,801.25,344.559998,336.350006,6006.649902,5914.180176,8837.599609,8724.80957,155.550003,150.690002,1341.27002,1317.97998,357.940002,353.25,639.570007,637.409973,-1.67,-4.1,-2.43,-2.08,-4.6,-2.38,-1.45,-3.78,-1.73,-0.62,-3.97,-0.87,-4.39,-0.77,-4.26,-2.38,-3.49,-1.54,-3.32,-1.28,-3.57,-3.12,-4.27,-1.74,-4.72,-1.31,-4.5,-0.34,-1.61
2018-02-07,"in the ‚Äúold days,‚Äù when good news was reported, the stock market would go up. today, when good news is reported, th‚Ä¶ https://t.co/mw5vewhzyy","['market', 'stock', 'market']",21173,110010,0.216,0.0,0.784,0.7003,2690.95,2681.6599,24892.8691,24893.3496,7086.2002,7051.98,4023.090088,4060.939941,3426.389893,3442.1201170000004,776.320007,779.330017,329.859985,330.98999,5794.27002,5778.319824,8386.05957,8425.679688,146.410004,142.389999,1287.890015,1272.5,345.0,346.850006,614.72998,613.150024,-0.35,-3.75,-2.32,0.0,-4.15,-2.82,-0.48,-3.9,-2.52,0.94,-2.95,0.46,-4.21,0.39,-3.9,0.34,-3.72,-0.28,-3.8,0.47,-3.26,-2.75,-4.02,-1.19,-4.23,0.54,-3.97,-0.26,-1.15
2018-02-20,"the u.s. economy is looking very good, in my opinion, even better than anticipated. companies are pouring back into‚Ä¶ https://t.co/sxweprvk7n",['economy'],24642,118732,0.253,0.0,0.747,0.7264,2722.99,2716.26,25124.9102,24964.75,7209.0298,7234.3101,4159.839844,4133.450195,3454.179932,3433.840088000001,785.6099849999998,782.52002,333.649994,330.339996,5835.430176,5836.810059,8557.55957,8514.110352,137.429993,136.059998,1314.01001,1341.530029,362.570007,363.480011,634.150024,628.719971,-0.25,-0.55,-0.45,-0.64,-0.67,-0.01,0.35,-0.22,-0.33,-0.63,0.98,-0.59,-0.15,-0.39,-0.13,-0.99,-0.71,0.02,-0.11,-0.51,0.0,-1.0,-1.0,2.09,-1.21,0.25,-1.34,-0.86,-1.23
2018-02-27,‚Äúamerican consumers are the most confident they've been since 2000....a strong job market is boosting confidence. t‚Ä¶ https://t.co/jabpyi1opc,"['market', 'market']",13112,56863,0.472,0.0,0.528,0.9099,2780.45,2744.28,25735.7793,25410.0293,7416.1699,7330.3501,4179.1098630000015,4124.529785,3502.439941,3461.100098,797.539978,789.23999,331.859985,324.220001,5950.549805,5869.819824,8568.660156,8551.669922,141.320007,138.979996,1379.01001,1374.719971,371.410004,366.890015,638.590027,626.780029,-1.3,-1.11,-2.43,-1.27,-1.5,-3.15,-1.16,-0.78,-2.04,-1.31,-1.56,-1.18,-1.82,-1.04,-1.77,-2.3,-1.71,-1.36,-0.38,-0.2,-1.51,-1.66,-3.57,-0.31,-0.92,-1.22,-0.49,-1.85,-0.55
2018-03-28,.@ustraderep just announced an agreement in principle with south korea on korus! a great deal for american and kore‚Ä¶ https://t.co/jovzyixljj,['trade'],11890,54382,0.309,0.0,0.691,0.8221,2611.3,2605.0,23883.0801,23848.4199,6978.2998,6949.23,4013.800049,4042.850098,3323.5,3331.909912,756.400024,755.8900150000002,319.929993,316.73999,5619.430176,5591.950195,8222.719727,8304.75,135.029999,132.350006,1319.790039,1299.819946,353.209991,347.5,643.580017,641.1900019999998,-0.24,1.38,-0.89,-0.15,1.07,-0.86,-0.42,1.64,-1.14,0.72,0.31,0.25,0.67,-0.07,0.78,-1.0,0.77,-0.49,1.39,1.0,0.55,-1.98,2.52,-1.51,2.24,-1.62,2.15,-0.37,0.49
2018-04-06,"china, which is a great economic power, is considered a developing nation within the world trade organization. they‚Ä¶ https://t.co/exew4qeuim","['china', 'trade']",23818,94951,0.204,0.0,0.796,0.6249,2645.8201,2604.47,24373.5996,23932.7598,6999.5698,6915.1099,4070.709961,4009.060059,3225.98999,3176.47998,742.76001,731.419983,325.950012,321.2799990000001,5656.060059,5587.700195,8284.459961,8201.790039,138.320007,136.429993,1285.189941,1265.25,346.26001,342.700012,648.289978,643.539978,-1.56,0.33,2.01,-1.81,0.19,1.99,-1.21,0.51,2.59,-1.51,-0.17,-1.53,1.78,-1.53,1.34,-1.43,-1.1,-1.21,0.12,-1.0,-0.66,-1.37,-0.09,-1.55,0.68,-1.03,0.46,-0.73,0.1
2018-04-10,"very thankful for president xi of china‚Äôs kind words on tariffs and automobile barriers...also, his enlightenment o‚Ä¶ https://t.co/rv24ppsgjv","['china', 'tariff']",21981,105018,0.316,0.0,0.684,0.8122,2638.4099,2656.8701,24198.9492,24408.0,7060.9902,7094.2998,4052.850098,4070.27002,3276.97998,3326.179932,750.52002,760.780029,320.869995,319.5299990000001,5674.160156,5674.1098630000015,8210.299805,8233.959961,138.110001,143.679993,1305.910034,1314.540039,351.790009,355.109985,644.799988,639.570007,0.7,-0.55,0.27,0.86,-0.9,0.31,0.47,-0.36,0.65,0.43,-0.48,1.5,-0.39,1.37,-0.35,-0.42,-0.74,-0.0,-0.31,0.29,-0.09,4.03,3.23,0.66,0.04,0.94,-0.02,-0.81,-0.18
2018-04-11,"russia vows to shoot down any and all missiles fired at syria. get ready russia,  because they will be coming, nice‚Ä¶ https://t.co/tfxjaydnoh",['missile'],64602,170557,0.091,0.218,0.691,-0.5423,2643.8899,2642.1899,24274.1895,24189.4492,7055.0,7069.0298,4045.550049,4050.530029,3300.439941,3313.169922,755.380005,758.119995,317.769989,317.179993,5656.580078,5656.459961,8190.049805,8226.910156,143.759995,148.320007,1306.290039,1315.060059,353.730011,355.049988,638.23999,638.3900150000002,-0.06,0.83,0.53,-0.35,1.21,0.71,0.2,1.01,0.53,0.12,1.66,0.39,1.27,0.36,1.13,-0.19,-0.27,-0.0,0.61,0.45,0.64,3.17,0.98,0.67,1.87,0.37,1.43,0.02,-1.29
2018-04-13,"we are bringing back our factories, we are bringing back our jobs, and we are bringing back those four beautiful wo‚Ä¶ https://t.co/nxihk4szzr","['jobs', 'jobs', 'factories']",24831,109857,0.157,0.0,0.843,0.5994,2676.8999,2656.3,24582.8203,24360.1406,7179.6201,7106.6499,4143.819824,4062.379883,3371.719971,3330.139893,770.179993,762.400024,318.149994,315.589996,5712.660156,5667.180176,8337.230469,8273.599609,150.169998,151.100006,1355.0,1329.400024,362.01001,357.549988,632.48999,634.77002,-0.77,0.81,1.89,-0.91,0.87,1.75,-1.02,0.7,2.45,-1.97,0.66,-1.23,-0.62,-1.01,-0.18,-0.8,0.86,-0.8,0.9,-0.76,1.27,0.62,-0.46,-1.89,0.23,-1.23,0.4,0.36,1.39
2018-04-17,"employment is up, taxes are down. enjoy!",['tax'],24442,123189,0.368,0.0,0.632,0.5411,2692.74,2706.3899,24681.7891,24786.6309,7215.1201,7281.1001,4111.970215,4055.540039,3334.590088,3373.629883,766.419983,774.840027,320.170013,322.559998,5771.490234000001,5820.879883,8413.75,8365.509766,150.600006,150.520004,1342.609985,1357.719971,362.480011,366.75,644.3599849999998,650.6099849999998,0.51,0.08,-0.49,0.42,-0.16,-0.49,0.91,0.19,-0.59,-1.37,-0.41,1.17,0.05,1.1,0.56,0.75,-0.28,0.86,0.6,-0.57,0.11,-0.05,2.86,1.13,-1.03,1.18,0.13,0.97,-0.36
2018-04-19,"rt @statedept: .@potus trump thanks prime minister @abeshinzo for his support, discusses u.s.-japan cooperation on #northkorea, defense, an‚Ä¶",['northkorea'],8364,0,0.321,0.0,0.679,0.7269,2701.1599,2693.1299,24711.3008,24664.8906,7258.6099,7238.0601,4040.939941,4096.5,3362.72998,3328.320068,775.789978,768.1099849999998,321.01001,313.089996,5852.240234000001,5845.240234000001,8345.320313,8400.150391,155.160004,155.190002,1313.829956,1285.880005,366.429993,366.790009,647.169983,648.02002,-0.3,-0.85,-0.85,-0.19,-0.82,-0.88,-0.28,-1.27,-1.51,1.37,0.37,-1.02,-0.84,-0.99,-0.73,-2.47,-1.17,-0.12,-1.35,0.66,-0.13,0.02,-0.65,-2.13,-1.17,0.1,-0.59,0.13,-0.93
2018-04-24,".@jimrenacci has worked so hard on tax reductions, illegal immigration, the border and crime. i need jim very badly‚Ä¶ https://t.co/pqb2vspieq",['tax'],14633,59395,0.0,0.359,0.641,-0.8388,2680.8,2634.5601,24579.9395,24024.1309,7160.77,7007.3501,4168.129883,4186.77002,3300.77002,3245.540039,763.880005,751.400024,311.579987,305.76001,5788.5,5648.629883,8432.44043,8376.990234,155.080002,153.779999,1266.719971,1243.670044,365.700012,361.600006,644.030029,646.590027,-1.72,0.18,1.23,-2.26,0.25,1.24,-2.14,-0.05,1.59,0.45,-0.23,-1.67,-0.05,-1.63,0.19,-1.87,0.05,-2.42,0.0,-0.66,-0.18,-0.84,1.45,-1.82,-0.12,-1.12,0.06,0.4,-0.01
2018-04-27,"please do not forget the great help that my good friend, president xi of china, has given to the united states, par‚Ä¶ https://t.co/9mql7vpup7",['china'],24537,111291,0.447,0.094,0.459,0.8826,2675.47,2669.9099,24342.1406,24311.1895,7195.52,7119.7998,4195.509765999999,4204.200195,3313.780029,3321.25,766.789978,768.76001,306.209991,307.679993,5811.02002,5737.939941,8351.530273,8342.280273,156.78999299999995,156.559998,1284.359985,1258.109985,366.98999,366.109985,651.5,659.27002,-0.21,-0.82,-0.57,-0.13,-0.61,-0.87,-1.05,-0.75,0.15,0.21,-1.49,0.23,-2.0,0.26,-1.79,0.48,-1.7,-1.26,-0.43,-0.11,-1.29,-0.15,-0.47,-2.04,-1.09,-0.24,-1.49,1.19,-0.28
2018-04-30,headline: ‚Äúkim prepared to cede nuclear weapons if u.s. pledges not to invade‚Äù - from the failing new york times. a‚Ä¶ https://t.co/jvyraiau7t,"['kim', 'nuclear']",19513,91451,0.073,0.238,0.69,-0.6486,2682.51,2648.05,24410.4102,24163.1504,7133.9502,7066.27,4211.850098,4141.740234000001,3328.580078,3254.850098,770.48999,755.02002,308.209991,302.450012,5753.560059,5713.27002,8351.94043,8235.070313,155.850006,155.830002,1260.02002,1244.400024,365.470001,360.649994,660.539978,657.450012,-1.28,0.25,-0.47,-1.01,-0.27,-0.99,-0.95,0.91,0.49,-1.66,0.66,-2.22,0.49,-2.01,0.46,-1.87,1.22,-0.7,0.5,-1.4,0.09,-0.01,-1.3,-1.24,1.73,-1.32,-0.04,-0.47,-0.31
2018-05-03,our great financial team is in china trying to negotiate a level playing field on trade! i look forward to being wi‚Ä¶ https://t.co/cbpzb9osuj,"['china', 'trade']",15670,77915,0.246,0.0,0.754,0.7345,2628.0801,2629.73,23836.2305,23930.1504,7065.0298,7088.1499,4142.399902,4118.850098,3218.330078,3182.219971,747.26001,742.030029,304.079987,308.179993,5667.399902,5680.97998,8052.759765999999,8035.569823999998,154.949997,153.75,1248.949951,1267.439941,354.959991,356.51001,653.280029,653.210022,0.06,1.28,1.63,0.39,1.39,1.79,0.33,1.71,2.5,-0.57,1.18,-1.12,1.15,-0.7,1.22,1.35,0.84,0.24,1.49,-0.21,1.28,-0.77,1.4,1.48,2.31,0.44,1.56,-0.01,0.37
2018-05-24,"it was my great honor to host a roundtable re: ms-13 yesterday in bethpage, new york. democrats must abandon their‚Ä¶ https://t.co/ihqjplzdaz",['ban'],12885,57221,0.268,0.107,0.625,0.6597,2730.9399,2727.76,24877.3594,24811.7598,7421.9902,7424.4302,4300.470215,4300.6401369999985,3375.169922,3372.100098,786.780029,786.02002,308.149994,307.170013,5866.1401369999985,5874.779785,8339.169922,8328.099609,163.160004,163.03999299999995,1373.630005,1378.719971,355.070007,354.109985,633.299988,638.330017,-0.12,-0.24,-1.39,-0.26,-0.24,-1.81,0.03,0.13,-0.37,0.0,-0.26,-0.09,0.22,-0.1,0.16,-0.32,1.08,0.15,0.13,-0.13,-0.34,-0.07,-4.28,0.37,0.88,-0.27,-0.42,0.79,0.47
2018-06-04,in many ways this is the greatest economy in the history of america and the best time ever to look for a job!,['economy'],17745,85201,0.303,0.0,0.697,0.8655,2741.6699,2746.8701,24727.5508,24813.6895,7570.0801,7606.46,4302.180176,4332.52002,3437.6201170000004,3428.820068,804.820007,805.090027,309.950012,309.679993,5951.259765999999,5978.8901369999985,8245.870117,8270.69043,155.820007,154.070007,1412.98999,1422.670044,356.040009,356.25,639.179993,632.26001,0.19,0.07,0.93,0.35,-0.06,1.34,0.48,0.41,1.09,0.71,-0.06,-0.26,0.06,0.03,0.2,-0.09,0.18,0.46,0.61,0.3,0.21,-1.12,0.66,0.69,0.41,0.06,0.29,-1.08,-0.69
2018-06-12,...got along great with kim jong-un who wants to see wonderful things for his country. as i said earlier today: any‚Ä¶ https://t.co/jrbzcoyym8,['kim'],18273,83295,0.291,0.0,0.709,0.8316,2785.6001,2786.8501,25346.8203,25320.7305,7673.8701,7703.79,4359.939941,4319.819824,3460.629883,3485.209961,815.630005,821.159973,318.820007,320.820007,6113.200195,6145.720215,8473.400391,8407.219727,156.639999,155.029999,1412.420044,1416.369995,357.0,359.0299990000001,611.919983,619.830017,0.04,-0.4,-0.16,-0.1,-0.47,-0.57,0.39,-0.11,0.74,-0.92,-0.19,0.71,-0.37,0.68,-0.04,0.63,-2.93,0.53,0.21,-0.78,-0.19,-1.03,-0.46,0.28,-0.13,0.57,0.22,1.29,-0.16
2018-06-13,"...realize the economy is the best it‚Äôs ever been with employment being at an all time high, and many companies pou‚Ä¶ https://t.co/yehogd992y",['economy'],13637,74712,0.167,0.0,0.833,0.6369,2787.9399,2775.6299,25328.6504,25201.1992,7713.8999,7695.7002,4323.689941,4311.799805,3491.129883,3472.23999,823.320007,820.8099980000002,320.089996,311.429993,6156.850098,6158.600098,8405.169922,8391.049805,154.330002,154.309998,1416.709961,1414.47998,360.48999,359.809998,620.48999,618.8599849999998,-0.44,0.25,0.15,-0.5,-0.1,-0.44,-0.24,0.85,0.66,-0.27,-0.38,-0.54,0.8,-0.3,0.78,-2.71,0.45,0.03,1.16,-0.17,-0.5,-0.01,-0.08,-0.16,0.61,-0.19,1.3,-0.26,1.27
2018-06-15,"u.s.a. jobs numbers are the best in 44 years. if my opponent (the democrats) had won the election, they would have‚Ä¶ https://t.co/vgrgdr8m4d","['jobs', 'jobs']",21602,99176,0.283,0.0,0.717,0.836,2777.78,2779.6599,25116.7109,25090.4805,7725.0298,7746.3799,4279.379883,4289.049805,3488.76001,3494.360107,824.4400019999998,826.27002,312.390015,311.98999,6204.330078,6243.069824,8274.660156,8337.839844,153.53999299999995,150.279999,1414.869995,1422.040039,361.26001,362.410004,626.849976,631.52002,0.07,-0.21,-0.61,-0.1,-0.41,-1.56,0.28,0.01,-0.27,0.23,0.14,0.16,-0.75,0.22,-0.56,-0.13,-0.8,0.62,-0.11,0.76,0.17,-2.12,0.7,0.51,-0.99,0.32,-0.05,0.75,0.34
2018-06-20,rt @erictrump: it is hard to believe that the historic north korea / kim jong un summit was exactly one week ago. truly amazing to see the‚Ä¶,['kim'],16431,0,0.215,0.045,0.74,0.743,2769.73,2767.3201,24771.1699,24657.8008,7764.1499,7781.5098,4345.1098630000015,4344.97998,3536.590088000001,3577.429932,832.48999,838.530029,308.869995,309.079987,6276.669922,6285.649902,8393.120117,8327.049805,151.25,151.25,1400.560059,1398.599976,360.660004,359.690002,641.419983,640.97998,-0.09,-0.63,-0.45,-0.46,-0.8,-0.31,0.22,-0.88,-1.14,-0.0,-0.3,1.15,-1.18,0.73,-1.04,0.07,-1.54,0.14,-0.87,-0.79,-1.05,0.0,-2.31,-0.14,-1.26,-0.27,-1.23,-0.07,0.33
2018-06-21,big supreme court win on internet sales tax - about time! big victory for fairness and for our country. great victo‚Ä¶ https://t.co/wv2cxgtswa,['tax'],14000,67242,0.396,0.0,0.604,0.9151,2769.28,2749.76,24639.2109,24461.6992,7800.2998,7712.9502,4342.8598630000015,4332.060059,3572.909912,3535.350098,838.450012,829.77002,309.01001,304.329987,6299.379883,6231.129883,8330.349609,8239.490234,150.020004,147.759995,1408.349976,1381.01001,358.970001,355.26001,640.590027,643.080017,-0.7,0.19,-1.19,-0.72,0.49,-0.85,-1.12,-0.26,-2.35,-0.25,-0.56,-1.05,-0.28,-1.04,-0.2,-1.51,-0.38,-1.08,-0.0,-1.09,0.62,-1.51,3.65,-1.94,-0.72,-1.03,0.17,0.39,0.73
2018-06-22,hope opec will increase output substantially. need to keep prices down!,['price'],13235,63820,0.379,0.0,0.621,0.6696,2760.79,2754.8799,24526.9707,24580.8906,7739.6899,7692.8198,4352.629883,4307.8901369999985,3547.129883,3525.449951,832.76001,828.1400150000002,305.0,303.160004,6265.009765999999,6230.8901369999985,8278.650391,8290.759766,150.229996,153.149994,1388.719971,1371.0,356.920013,355.859985,644.380005,647.76001,-0.21,-1.37,-1.16,0.22,-1.33,-1.21,-0.61,-2.09,-1.71,-1.03,-0.95,-0.61,-1.83,-0.55,-1.72,-0.6,-1.58,-0.54,-1.99,0.15,-0.83,1.94,-2.94,-1.28,-3.13,-0.3,-1.84,0.52,1.62
2018-06-25,rt @erictrump: record high economic optimism: 51% of people think the the economy is good or excellent - this is the highest number @cnbc h‚Ä¶,['economy'],13999,0,0.363,0.0,0.637,0.886,2742.9399,2717.0701,24463.7305,24252.8008,7631.1201,7532.0098,4288.560059,4267.080078,3511.429932,3460.850098,824.1099849999998,813.900024,302.160004,298.369995,6191.27002,6106.759765999999,8266.009766,8221.790039,152.669998,148.639999,1347.52002,1328.040039,353.070007,349.320007,649.52002,658.25,-0.94,0.22,-0.64,-0.86,0.12,-0.56,-1.3,0.39,-1.15,-0.5,-0.39,-1.44,-0.33,-1.24,0.01,-1.25,0.88,-1.36,0.56,-0.53,-0.74,-2.64,1.53,-1.45,0.4,-1.06,0.55,1.34,0.01
2018-06-29,"rt @foxbusiness: .@ivankatrump: ""i think one of the tremendous opportunities that were seeing because the economy is so strong is that peop‚Ä¶",['economy'],7486,0,0.255,0.0,0.745,0.7809,2727.1299,2718.3701,24323.9297,24271.4102,7544.1299,7510.2998,4190.77002,4133.069824,3433.389893,3453.429932,808.27002,809.880005,300.149994,302.5299990000001,6133.669922,6109.169922,8087.700195,8046.700195,155.080002,154.869995,1321.890015,1313.699951,353.649994,353.329987,660.919983,662.119995,-0.32,0.0,0.0,-0.22,0.0,0.0,-0.45,0.0,0.0,-1.38,0.0,0.58,0.0,0.2,0.0,0.79,0.0,-0.4,0.0,-0.51,0.0,-0.14,0.0,-0.62,0.0,-0.09,0.0,0.18,0.0
